JP07a,JP08a,Month,JP07a_GL03_03,JP07a_GL03_01,JP08a_GL04_03,JP06e_GE24_01,JP06e_GE24_02,Debit_Amount,JP02j_BS09_01,JP02j_BS09_02,GE05kw_01,JP05a_01,JP05a_02,BS04fb_01,BS04fb_02,JP06f_GE24_01,JP06f_GE24_02,Credit_Amount,JP02k_BS09_01,JP02k_BS09_02,GE05kB_01,JP05b_01,JP05b_02,BS04fc_01,BS04fc_02
1178,1,2021-09,2021-09-01,56,Travel Expenses,10E201230,Travel and transportation expenses,30980,S10,Standard 10%,2816,,,,,10A100020,Cash and deposits,30980,O,Exempt,0,,,,
1179,1,2021-09,2021-09-01,84,JR,10E201230,Travel and transportation expenses,5200,S10,Standard 10%,472,,,,,10A100020,Cash and deposits,5200,O,Exempt,0,,,,
1180,1,2021-09,2021-09-02,19,Travel Expenses,10E201230,Travel and transportation expenses,16870,S10,Standard 10%,1533,,,,,10A100020,Cash and deposits,16870,O,Exempt,0,,,,
1181,1,2021-09,2021-09-02,57,JR,10E201230,Travel and transportation expenses,88880,S10,Standard 10%,8080,,,,,10A100020,Cash and deposits,88880,O,Exempt,0,,,,
1182,1,2021-09,2021-09-02,70,Tea Cost,10E201270,Miscellaneous expenses,1129,S10,Standard 10%,102,,,,,10A100020,Cash and deposits,1129,O,Exempt,0,,,,
1183,1,2021-09,2021-09-02,76,Uniform Cost,10E200140,Welfare expenses,56000,S10,Standard 10%,5090,,,,,10B100630,Accounts payable - other,56000,O,Exempt,0,,,,
1184,1,2021-09,2021-09-02,94,Detergent and Others,10E201270,Miscellaneous expenses,795,S10,Standard 10%,72,,,,,10A100020,Cash and deposits,795,O,Exempt,0,,,,
1185,1,2021-09,2021-09-02,150,Meal Cost Nagasaki Minato-ya 2 People,10E200150,Entertainment expenses,4350,S10,Standard 10%,395,,,,,10A100020,Cash and deposits,4350,O,Exempt,0,,,,
1186,1,2021-09,2021-09-02,151,Meal Cost Tortilla 2 People,10E200150,Entertainment expenses,7315,S10,Standard 10%,665,,,,,10A100020,Cash and deposits,20939,O,Exempt,0,,,,
1186,2,2021-09,2021-09-02,151,Meal Cost Japanese Dining Hozenji 3 People,10E200150,Entertainment expenses,13624,S10,Standard 10%,1238,,,,,,,0,,,0,,,,
1187,1,2021-09,2021-09-02,159,Taxi Fare,10E201230,Travel and transportation expenses,4650,S10,Standard 10%,422,,,,,10A100020,Cash and deposits,4650,O,Exempt,0,,,,
1188,1,2021-09,2021-09-02,164,Office Supplies,10E201110,Office supplies expenses,3105,S10,Standard 10%,282,,,,,10A100020,Cash and deposits,3105,O,Exempt,0,,,,
1189,1,2021-09,2021-09-03,18,Travel Expenses,10E201230,Travel and transportation expenses,16780,S10,Standard 10%,1525,,,,,10A100020,Cash and deposits,16780,O,Exempt,0,,,,
1190,1,2021-09,2021-09-03,50,Parking Fee,10E201120,Vehicle expenses,600,S10,Standard 10%,54,,,,,10A100020,Cash and deposits,600,O,Exempt,0,,,,
1191,1,2021-09,2021-09-03,69,Tissue Cost,10E201270,Miscellaneous expenses,1203,S10,Standard 10%,109,,,,,10A100020,Cash and deposits,1203,O,Exempt,0,,,,
1192,1,2021-09,2021-09-03,134,Paper,10E201110,Office supplies expenses,13700,S10,Standard 10%,1245,,,,,10A100020,Cash and deposits,13700,O,Exempt,0,,,,
1193,1,2021-09,2021-09-04,16,Parking Fee,10E201120,Vehicle expenses,530,S10,Standard 10%,48,,,,,10A100020,Cash and deposits,6481,O,Exempt,0,,,,
1193,2,2021-09,2021-09-04,16,Gasoline Cost,10E201120,Vehicle expenses,5951,S10,Standard 10%,541,,,,,,,0,,,0,,,,
1194,1,2021-09,2021-09-04,147,Gasoline Cost,10E201120,Vehicle expenses,68420,S10,Standard 10%,6220,,,,,10B100630,Accounts payable - other,68420,O,Exempt,0,,,,
1195,1,2021-09,2021-09-05,91,"September 5th Slip No. 299 Watanabe Industries Co., Ltd.",10A100020,Cash and deposits,783819,O,Exempt,0,50,Fukuoka Kitakyushu,,,10A100090,Accounts receivable - trade,783819,O,Exempt,0,22,"Watanabe Industries Co., Ltd.",,
1195,2,2021-09,2021-09-05,91,"September 5th Slip No. 299 Watanabe Industries Co., Ltd.",10E200690,Commission expenses,472,S10,Standard 10%,42,,,,,10A100090,Accounts receivable - trade,472,O,Exempt,0,22,"Watanabe Industries Co., Ltd.",,
1196,1,2021-09,2021-09-05,92,"September 5th Slip No. 300 Sasaki Sales Co., Ltd.",10A100020,Cash and deposits,902654,O,Exempt,0,20,Mizuho Main Branch,,,10A100090,Accounts receivable - trade,902654,O,Exempt,0,26,"Sasaki Sales Co., Ltd.",,
1196,2,2021-09,2021-09-05,92,"September 5th Slip No. 300 Sasaki Sales Co., Ltd.",10E200690,Commission expenses,472,S10,Standard 10%,42,,,,,10A100090,Accounts receivable - trade,472,O,Exempt,0,26,"Sasaki Sales Co., Ltd.",,
1197,1,2021-09,2021-09-05,93,"September 5th Slip No. 301 Iwashita Trading Co., Ltd.",10A100020,Cash and deposits,883338,O,Exempt,0,30,Mitsui Nagoya,,,10A100090,Accounts receivable - trade,883338,O,Exempt,0,27,"Iwashita Trading Co., Ltd.",,
1198,1,2021-09,2021-09-05,142,Gasoline Cost,10E201120,Vehicle expenses,7290,S10,Standard 10%,662,,,,,10A100020,Cash and deposits,12243,O,Exempt,0,,,,
1198,2,2021-09,2021-09-05,142,Car wash,10E201120,Vehicle expenses,1905,S10,Standard 10%,173,,,,,,,0,,,0,,,,
1198,3,2021-09,2021-09-05,142,Parking Fee,10E201120,Vehicle expenses,3048,S10,Standard 10%,277,,,,,,,0,,,0,,,,
1199,1,2021-09,2021-09-06,10,Gasoline Cost,10E201120,Vehicle expenses,4224,S10,Standard 10%,384,,,,,10A100020,Cash and deposits,4224,O,Exempt,0,,,,
1200,1,2021-09,2021-09-06,42,Coffee fee 2 people,10E200150,Entertainment expenses,1260,S10,Standard 10%,114,,,,,10A100020,Cash and deposits,1260,O,Exempt,0,,,,
1201,1,2021-09,2021-09-06,43,Meal Cost Tonkichi 2 People,10E200150,Entertainment expenses,4120,S10,Standard 10%,374,,,,,10A100020,Cash and deposits,4120,O,Exempt,0,,,,
1202,1,2021-09,2021-09-06,110,Taxi Fare,10E201230,Travel and transportation expenses,2290,S10,Standard 10%,208,,,,,10A100020,Cash and deposits,2290,O,Exempt,0,,,,
1203,1,2021-09,2021-09-06,133,Tax Accountant Fee,10E200600,Fee expenses,139710,S10,Standard 10%,12700,,,,,10A100020,Cash and deposits,139710,O,Exempt,0,20,Mizuho Main Branch,,
1204,1,2021-09,2021-09-07,21,JR,10E201230,Travel and transportation expenses,69500,S10,Standard 10%,6318,,,,,10A100020,Cash and deposits,69500,O,Exempt,0,,,,
1205,1,2021-09,2021-09-07,22,Travel Expenses,10E201230,Travel and transportation expenses,50000,S10,Standard 10%,4545,,,,,10A100020,Cash and deposits,50000,O,Exempt,0,,,,
1206,1,2021-09,2021-09-08,9,Coffee fee 2 people,10E200150,Entertainment expenses,1400,S10,Standard 10%,127,,,,,10A100020,Cash and deposits,1400,O,Exempt,0,,,,
1207,1,2021-09,2021-09-09,20,Travel Expenses,10E201230,Travel and transportation expenses,38970,S10,Standard 10%,3542,,,,,10A100020,Cash and deposits,38970,O,Exempt,0,,,,
1208,1,2021-09,2021-09-09,148,Gasoline Cost,10E201120,Vehicle expenses,6865,S10,Standard 10%,624,,,,,10A100020,Cash and deposits,9151,O,Exempt,0,,,,
1208,2,2021-09,2021-09-09,148,Highway Toll,10E201120,Vehicle expenses,2286,S10,Standard 10%,207,,,,,,,0,,,0,,,,
1209,1,2021-09,2021-09-10,44,Subjects Gokoshi Department Store,10E200150,Entertainment expenses,2540,S10,Standard 10%,230,,,,,10A100020,Cash and deposits,2540,O,Exempt,0,,,,
1210,1,2021-09,2021-09-10,62,Withholding Tax Payment,10B100690,Deposits received,260493,O,Exempt,0,3,Withholding Tax,,,10A100020,Cash and deposits,709993,O,Exempt,0,20,Mizuho Main Branch,,
1210,2,2021-09,2021-09-10,62,Resident Tax Payment,10B100690,Deposits received,449500,O,Exempt,0,2,Resident Tax,,,,,0,,,0,,,,
1211,1,2021-09,2021-09-10,66,Wired (Cable),10E201270,Miscellaneous expenses,5000,S10,Standard 10%,454,,,,,10B100630,Accounts payable - other,39286,O,Exempt,0,,,,
1211,2,2021-09,2021-09-10,66,Security Fee,10E201270,Miscellaneous expenses,34286,S10,Standard 10%,3116,,,,,,,0,,,0,,,,
1212,1,2021-09,2021-09-10,73,Golf Play Fee,10E200150,Entertainment expenses,18600,S10,Standard 10%,1690,,,,,10A100020,Cash and deposits,18600,O,Exempt,0,,,,
1213,1,2021-09,2021-09-10,81,Gasoline Cost,10E201120,Vehicle expenses,4931,S10,Standard 10%,448,,,,,10A100020,Cash and deposits,5503,O,Exempt,0,,,,
1213,2,2021-09,2021-09-10,81,Parking Fee,10E201120,Vehicle expenses,572,S10,Standard 10%,52,,,,,,,0,,,0,,,,
1214,1,2021-09,2021-09-10,85,Telephone Cost,10E200180,Communication expenses,69152,S10,Standard 10%,6286,,,,,10A100020,Cash and deposits,69152,O,Exempt,0,30,Mitsui Nagoya,,
1214,2,2021-09,2021-09-10,85,JR,10E201230,Travel and transportation expenses,6000,S10,Standard 10%,545,,,,,10A100020,Cash and deposits,6000,O,Exempt,0,,,,
1215,1,2021-09,2021-09-10,94,"September 10th Slip No. 302 Minami Co., Ltd.",10A100020,Cash and deposits,570942,O,Exempt,0,30,Mitsui Nagoya,,,10A100090,Accounts receivable - trade,570942,O,Exempt,0,19,"Minami Co., Ltd.",,
1215,2,2021-09,2021-09-10,94,"September 10th Slip No. 302 Minami Co., Ltd.",10E200690,Commission expenses,735,S10,Standard 10%,66,,,,,10A100090,Accounts receivable - trade,735,O,Exempt,0,19,"Minami Co., Ltd.",,
1216,1,2021-09,2021-09-10,95,September 10th Slip No. 303 Kameda Department Store,10A100060,Notes receivable - trade,5178380,O,Exempt,0,,,,,10A100090,Accounts receivable - trade,5178380,O,Exempt,0,28,Kameda Department Store,,
1217,1,2021-09,2021-09-10,96,"September 10th Slip No. 477 Check Co., Ltd.",10B100040,Accounts payable - trade,627649,O,Exempt,0,3,"Check Co., Ltd.",,,10A100090,Accounts receivable - trade,627649,O,Exempt,0,3,"Check Co., Ltd.",,
1218,1,2021-09,2021-09-10,97,"September 10th Slip No. 499 Fujita Tokyo Headquarters Co., Ltd.",10A100020,Cash and deposits,8166175,O,Exempt,0,20,Mizuho Main Branch,,,10A100090,Accounts receivable - trade,8166175,O,Exempt,0,14,"Fujita Co., Ltd.",,
1218,2,2021-09,2021-09-10,97,"September 10th Slip No. 499 Fujita Tokyo Headquarters Co., Ltd.",10E200690,Commission expenses,840,S10,Standard 10%,76,,,,,10A100090,Accounts receivable - trade,840,O,Exempt,0,14,"Fujita Co., Ltd.",,
1219,1,2021-09,2021-09-10,98,"September 10th Slip No. 220 Check Co., Ltd.",10B100040,Accounts payable - trade,2623516,O,Exempt,0,3,"Check Co., Ltd.",,,10B100030,Notes payable - trade,2623516,O,Exempt,0,,,,
1220,1,2021-09,2021-09-10,99,"September 10th Slip No. 222 Yamashita Co., Ltd.",10B100040,Accounts payable - trade,414892,O,Exempt,0,8,"Yamashita Co., Ltd.",,,10A100020,Cash and deposits,414892,O,Exempt,0,20,Mizuho Main Branch,,
1221,1,2021-09,2021-09-10,103,Congratulations,10E200150,Entertainment expenses,10000,S10,Standard 10%,909,,,,,10A100020,Cash and deposits,10000,O,Exempt,0,,,,
1222,1,2021-09,2021-09-10,142,Bill Due Date Check,10B100030,Notes payable - trade,2653685,O,Exempt,0,,,,,10A100020,Cash and deposits,2653685,O,Exempt,0,1,Mizuho Bank,,
1223,1,2021-09,2021-09-10,143,Inspection Fee,10E201120,Vehicle expenses,22000,S10,Standard 10%,2000,,,,,10A100020,Cash and deposits,22000,O,Exempt,0,,,,
1224,1,2021-09,2021-09-10,162,Meeting Meal Cost,10E201130,Meeting expenses,24995,S10,Standard 10%,2272,,,,,10A100020,Cash and deposits,24995,O,Exempt,0,,,,
1225,1,2021-09,2021-09-10,168,Wired (Cable),10E201270,Miscellaneous expenses,6000,S10,Standard 10%,545,,,,,10B100630,Accounts payable - other,48858,O,Exempt,0,,,,
1225,2,2021-09,2021-09-10,168,Security Fee,10E201270,Miscellaneous expenses,42858,S10,Standard 10%,3896,,,,,,,0,,,0,,,,
1226,1,2021-09,2021-09-11,23,Travel Expenses,10E201230,Travel and transportation expenses,28448,S10,Standard 10%,2586,,,,,10A100020,Cash and deposits,101440,O,Exempt,0,,,,
1226,2,2021-09,2021-09-11,23,Travel Expenses,10E201230,Travel and transportation expenses,33181,S10,Standard 10%,3016,,,,,,,0,,,0,,,,
1226,3,2021-09,2021-09-11,23,Travel Expenses,10E201230,Travel and transportation expenses,39811,S10,Standard 10%,3619,,,,,,,0,,,0,,,,
1227,1,2021-09,2021-09-11,33,Rent Payment,10E200720,Rent expenses on land and buildings,320000,S10,Standard 10%,29090,,,,,10A100020,Cash and deposits,320000,O,Exempt,0,10,Hokkaido Station Front,,
1227,2,2021-09,2021-09-11,33,Telephone Cost,10E200180,Communication expenses,169240,S10,Standard 10%,15385,,,,,10A100020,Cash and deposits,169240,O,Exempt,0,10,Hokkaido Station Front,,
1228,1,2021-09,2021-09-11,45,Food and Beverage Cost Izakaya Fuji 4 People,10E200150,Entertainment expenses,17360,S10,Standard 10%,1578,,,,,10A100020,Cash and deposits,17360,O,Exempt,0,,,,
1229,1,2021-09,2021-09-11,58,Travel Expenses,10E201230,Travel and transportation expenses,90200,S10,Standard 10%,8200,,,,,10A100020,Cash and deposits,90200,O,Exempt,0,,,,
1230,1,2021-09,2021-09-11,63,Rent Payment,10E200720,Rent expenses on land and buildings,1260000,S10,Standard 10%,114545,,,,,10A100020,Cash and deposits,1260000,O,Exempt,0,20,Mizuho Main Branch,,
1231,1,2021-09,2021-09-11,64,Rent Payment,10E200720,Rent expenses on land and buildings,840000,S10,Standard 10%,76363,,,,,10A100020,Cash and deposits,840000,O,Exempt,0,40,Mitsubishi Tokyo Umeda,,
1232,1,2021-09,2021-09-11,112,Telephone Cost,10E200180,Communication expenses,167604,S10,Standard 10%,15236,,,,,10A100020,Cash and deposits,167604,O,Exempt,0,40,Mitsubishi Tokyo Umeda,,
1233,1,2021-09,2021-09-11,129,Rent Payment,10E200720,Rent expenses on land and buildings,399000,S10,Standard 10%,36272,,,,,10A100020,Cash and deposits,399000,O,Exempt,0,30,Mitsui Nagoya,,
1234,1,2021-09,2021-09-11,156,Business Trip Expense,10E201230,Travel and transportation expenses,7000,S10,Standard 10%,636,,,,,10A100020,Cash and deposits,7000,O,Exempt,0,,,,
1235,1,2021-09,2021-09-11,161,Travel Expenses,10E201230,Travel and transportation expenses,4300,S10,Standard 10%,390,,,,,10A100020,Cash and deposits,4300,O,Exempt,0,,,,
1236,1,2021-09,2021-09-11,167,Rent Payment,10E200720,Rent expenses on land and buildings,630000,S10,Standard 10%,57272,,,,,10A100020,Cash and deposits,630000,O,Exempt,0,50,Fukuoka Kitakyushu,,
1236,2,2021-09,2021-09-11,167,Telephone Cost,10E200180,Communication expenses,110745,S10,Standard 10%,10067,,,,,10A100020,Cash and deposits,110745,O,Exempt,0,50,Fukuoka Kitakyushu,,
1237,1,2021-09,2021-09-12,1,"Due to the occurrence record, an electronic recording claim is 40,000 yen",10A100200,Electronically recorded monetary claims - operating,40000,O,Exempt,0,,,,,10A100090,Accounts receivable - trade,40000,O,Exempt,0,1,"Goketsu Co., Ltd.",,
1238,1,2021-09,2021-09-12,11,Gasoline Cost,10E201120,Vehicle expenses,3210,S10,Standard 10%,291,,,,,10A100020,Cash and deposits,3210,O,Exempt,0,,,,
1239,1,2021-09,2021-09-12,59,Withdrawal,10A100020,Cash and deposits,1000000,O,Exempt,0,,,,,10A100020,Cash and deposits,1000000,O,Exempt,0,1,Mizuho Bank,,
1240,1,2021-09,2021-09-12,73,3 coffee,10E200150,Entertainment expenses,1575,S10,Standard 10%,143,,,,,10A100020,Cash and deposits,1575,O,Exempt,0,,,,
1241,1,2021-09,2021-09-12,104,3 coffee,10E200150,Entertainment expenses,1890,S10,Standard 10%,171,,,,,10A100020,Cash and deposits,1890,O,Exempt,0,,,,
1242,1,2021-09,2021-09-12,149,3 coffee,10E200150,Entertainment expenses,1890,S10,Standard 10%,171,,,,,10A100020,Cash and deposits,1890,O,Exempt,0,,,,
1243,1,2021-09,2021-09-13,17,Parking Fee,10E201120,Vehicle expenses,368,S10,Standard 10%,33,,,,,10A100020,Cash and deposits,368,O,Exempt,0,,,,
1244,1,2021-09,2021-09-13,75,Golf Play Fee,10E200150,Entertainment expenses,7350,S10,Standard 10%,668,,,,,10A100020,Cash and deposits,7350,O,Exempt,0,,,,
1245,1,2021-09,2021-09-13,152,3 coffee,10E200150,Entertainment expenses,1890,S10,Standard 10%,171,,,,,10A100020,Cash and deposits,1890,O,Exempt,0,,,,
1246,1,2021-09,2021-09-13,157,Airline Ticket Cost,10E201230,Travel and transportation expenses,26900,S10,Standard 10%,2445,,,,,10A100020,Cash and deposits,26900,O,Exempt,0,50,Fukuoka Kitakyushu,,
1247,1,2021-09,2021-09-13,165,"Kitchen supplies, etc.",10E201270,Miscellaneous expenses,1311,S10,Standard 10%,119,,,,,10A100020,Cash and deposits,1311,O,Exempt,0,,,,
1248,1,2021-09,2021-09-14,51,Highway Toll,10E201120,Vehicle expenses,3124,S10,Standard 10%,284,,,,,10A100020,Cash and deposits,5744,O,Exempt,0,,,,
1248,2,2021-09,2021-09-14,51,Parking Fee,10E201120,Vehicle expenses,2620,S10,Standard 10%,238,,,,,,,0,,,0,,,,
1249,1,2021-09,2021-09-14,61,Telephone Cost,10E200180,Communication expenses,129673,S10,Standard 10%,11788,,,,,10A100020,Cash and deposits,129673,O,Exempt,0,20,Mizuho Main Branch,,
1250,1,2021-09,2021-09-14,105,Food and Beverage Cost Japanese Dining Ozasa 3 People,10E200150,Entertainment expenses,18750,S10,Standard 10%,1704,,,,,10A100020,Cash and deposits,18750,O,Exempt,0,,,,
1251,1,2021-09,2021-09-15,82,Gasoline Cost,10E201120,Vehicle expenses,25780,S10,Standard 10%,2343,,,,,10B100630,Accounts payable - other,25780,O,Exempt,0,,,,
1252,1,2021-09,2021-09-15,88,September Salary Others 0060 Part-time and Temporary Workers,10E200520,Other salaries,356030,O,Exempt,0,,,,,10A100020,Cash and deposits,349816,O,Exempt,0,,,,
1252,2,2021-09,2021-09-15,88,September Salary Others 0060 Part-time and Temporary Workers,,,0,,,0,,,,,10B100690,Deposits received,480,O,Exempt,0,3,Withholding Tax,,
1252,3,2021-09,2021-09-15,88,September Salary Others 0060 Part-time and Temporary Workers,,,0,,,0,,,,,10B100690,Deposits received,5734,O,Exempt,0,9,Others,,
1253,1,2021-09,2021-09-15,100,"September 15th Slip No. 304 Goketsu Co., Ltd.",10A100020,Cash and deposits,1304390,O,Exempt,0,50,Fukuoka Kitakyushu,,,10A100090,Accounts receivable - trade,1304390,O,Exempt,0,1,"Goketsu Co., Ltd.",,
1253,2,2021-09,2021-09-15,100,"September 15th Slip No. 304 Goketsu Co., Ltd.",10E200690,Commission expenses,840,S10,Standard 10%,76,,,,,10A100090,Accounts receivable - trade,840,O,Exempt,0,1,"Goketsu Co., Ltd.",,
1254,1,2021-09,2021-09-15,101,"September 15th Slip No. 305 Entry Co., Ltd.",10A100020,Cash and deposits,1277554,O,Exempt,0,30,Mitsui Nagoya,,,10A100090,Accounts receivable - trade,1277554,O,Exempt,0,6,"Entry Co., Ltd.",,
1254,2,2021-09,2021-09-15,101,"September 15th Slip No. 305 Entry Co., Ltd.",10E200690,Commission expenses,840,S10,Standard 10%,76,,,,,10A100090,Accounts receivable - trade,840,O,Exempt,0,6,"Entry Co., Ltd.",,
1255,1,2021-09,2021-09-15,102,"September 15th Slip No. 306 Tower Co., Ltd.",10A100020,Cash and deposits,744725,O,Exempt,0,40,Mitsubishi Tokyo Umeda,,,10A100090,Accounts receivable - trade,744725,O,Exempt,0,8,"Tower Co., Ltd.",,
1255,2,2021-09,2021-09-15,102,"September 15th Slip No. 306 Tower Co., Ltd.",10E200690,Commission expenses,840,S10,Standard 10%,76,,,,,10A100090,Accounts receivable - trade,840,O,Exempt,0,8,"Tower Co., Ltd.",,
1256,1,2021-09,2021-09-15,103,"September 15th Slip No. 307 Takahashi Trading Co., Ltd.",10A100020,Cash and deposits,705936,O,Exempt,0,40,Mitsubishi Tokyo Umeda,,,10A100090,Accounts receivable - trade,705936,O,Exempt,0,9,"Takahashi Trading Co., Ltd.",,
1256,2,2021-09,2021-09-15,103,"September 15th Slip No. 307 Takahashi Trading Co., Ltd.",10E200690,Commission expenses,840,S10,Standard 10%,76,,,,,10A100090,Accounts receivable - trade,840,O,Exempt,0,9,"Takahashi Trading Co., Ltd.",,
1257,1,2021-09,2021-09-15,104,"September 15th Slip No. 308 Abe Trading Co., Ltd.",10A100020,Cash and deposits,1263747,O,Exempt,0,20,Mizuho Main Branch,,,10A100090,Accounts receivable - trade,1263747,O,Exempt,0,13,"Abe Trading Co., Ltd.",,
1258,1,2021-09,2021-09-15,105,"September 15th Slip No. 309 Kujou Trading Co., Ltd.",10A100020,Cash and deposits,763474,O,Exempt,0,40,Mitsubishi Tokyo Umeda,,,10A100090,Accounts receivable - trade,763474,O,Exempt,0,20,"Kujou Trading Co., Ltd.",,
1258,2,2021-09,2021-09-15,105,"September 15th Slip No. 309 Kujou Trading Co., Ltd.",10E200690,Commission expenses,315,S10,Standard 10%,28,,,,,10A100090,Accounts receivable - trade,315,O,Exempt,0,20,"Kujou Trading Co., Ltd.",,
1259,1,2021-09,2021-09-15,106,"September 15th Slip No. 224 Y2 Co., Ltd.",10B100040,Accounts payable - trade,6139436,O,Exempt,0,1,"Y2 Co., Ltd.",,,10A100020,Cash and deposits,6139436,O,Exempt,0,20,Mizuho Main Branch,,
1260,1,2021-09,2021-09-15,117,Membership Fee,10E201140,Membership fee,20000,O,Exempt,0,,,,,10A100020,Cash and deposits,20000,O,Exempt,0,,,,
1261,1,2021-09,2021-09-16,74,Golf Play Fee,10E200150,Entertainment expenses,11000,S10,Standard 10%,1000,,,,,10A100020,Cash and deposits,11000,O,Exempt,0,,,,
1262,1,2021-09,2021-09-16,86,Taxi Fare,10E201230,Travel and transportation expenses,7600,S10,Standard 10%,690,,,,,10A100020,Cash and deposits,7600,O,Exempt,0,,,,
1263,1,2021-09,2021-09-16,130,Membership Fee,10E201140,Membership fee,24000,O,Exempt,0,,,,,10A100020,Cash and deposits,24000,O,Exempt,0,40,Mitsubishi Tokyo Umeda,,
1264,1,2021-09,2021-09-16,136,Duskin Service Fee,10E201270,Miscellaneous expenses,16500,S10,Standard 10%,1500,,,,,10A100020,Cash and deposits,16500,O,Exempt,0,,,,
1265,1,2021-09,2021-09-17,4,Advertising Expense,10E200050,Advertising expenses,31500,S10,Standard 10%,2863,,,,,10B100630,Accounts payable - other,31500,O,Exempt,0,,,,
1266,1,2021-09,2021-09-17,12,Gasoline Cost,10E201120,Vehicle expenses,7113,S10,Standard 10%,646,,,,,10A100020,Cash and deposits,11128,O,Exempt,0,,,,
1266,2,2021-09,2021-09-17,12,Gasoline Cost,10E201120,Vehicle expenses,4015,S10,Standard 10%,365,,,,,,,0,,,0,,,,
1267,1,2021-09,2021-09-17,52,Highway Toll,10E201120,Vehicle expenses,1096,S10,Standard 10%,99,,,,,10A100020,Cash and deposits,7335,O,Exempt,0,,,,
1267,2,2021-09,2021-09-17,52,Parking Fee,10E201120,Vehicle expenses,762,S10,Standard 10%,69,,,,,,,0,,,0,,,,
1267,3,2021-09,2021-09-17,52,Gasoline Cost,10E201120,Vehicle expenses,5477,S10,Standard 10%,497,,,,,,,0,,,0,,,,
1268,1,2021-09,2021-09-18,24,JR coupon,10E201230,Travel and transportation expenses,82620,S10,Standard 10%,7510,,,,,10A100020,Cash and deposits,82620,O,Exempt,0,,,,
1269,1,2021-09,2021-09-18,74,Subjects for souvenirs Imai Department Store,10E200150,Entertainment expenses,6300,S10,Standard 10%,572,,,,,10A100020,Cash and deposits,6300,O,Exempt,0,,,,
1270,1,2021-09,2021-09-18,79,Prize Cost,10E200140,Welfare expenses,39874,S10,Standard 10%,3624,,,,,10A100020,Cash and deposits,39874,O,Exempt,0,,,,
1271,1,2021-09,2021-09-19,47,Gasoline Cost,10E201120,Vehicle expenses,3620,S10,Standard 10%,329,,,,,10A100020,Cash and deposits,3620,O,Exempt,0,,,,
1272,1,2021-09,2021-09-19,82,Gasoline Cost,10E201120,Vehicle expenses,4602,S10,Standard 10%,418,,,,,10A100020,Cash and deposits,4983,O,Exempt,0,,,,
1272,2,2021-09,2021-09-19,82,Parking Fee,10E201120,Vehicle expenses,381,S10,Standard 10%,34,,,,,,,0,,,0,,,,
1273,1,2021-09,2021-09-20,1,Overtime Night Meal Reduced Tax Rate,10E200140,Welfare expenses,21600,AA8,Reduced 8%,1600,,,,,10A100020,Cash and deposits,21600,O,Exempt,0,,,,
1274,1,2021-09,2021-09-20,6,Advertisement Fee,10E200050,Advertising expenses,5000,S10,Standard 10%,454,,,,,10A100020,Cash and deposits,5000,O,Exempt,0,,,,
1275,1,2021-09,2021-09-20,31,Copy Cost,10E201110,Office supplies expenses,2813,S10,Standard 10%,255,,,,,10B100630,Accounts payable - other,2813,O,Exempt,0,,,,
1276,1,2021-09,2021-09-20,48,Gasoline Cost,10E201120,Vehicle expenses,4303,S10,Standard 10%,391,,,,,10A100020,Cash and deposits,4303,O,Exempt,0,,,,
1277,1,2021-09,2021-09-20,53,Gasoline Cost,10E201120,Vehicle expenses,2381,S10,Standard 10%,216,,,,,10A100020,Cash and deposits,3572,O,Exempt,0,,,,
1277,2,2021-09,2021-09-20,53,Highway Toll,10E201120,Vehicle expenses,1191,S10,Standard 10%,108,,,,,,,0,,,0,,,,
1278,1,2021-09,2021-09-20,69,Wired (Cable),10E201270,Miscellaneous expenses,5000,S10,Standard 10%,454,,,,,10B100630,Accounts payable - other,5000,O,Exempt,0,,,,
1279,1,2021-09,2021-09-20,71,Office Supplies,10E201110,Office supplies expenses,5981,S10,Standard 10%,543,,,,,10B100630,Accounts payable - other,35184,O,Exempt,0,,,,
1279,2,2021-09,2021-09-20,71,Counter Fee,10E201110,Office supplies expenses,29203,S10,Standard 10%,2654,,,,,,,0,,,0,,,,
1280,1,2021-09,2021-09-20,72,Counter Fee,10E201110,Office supplies expenses,6300,S10,Standard 10%,572,,,,,10B100630,Accounts payable - other,6300,O,Exempt,0,,,,
1281,1,2021-09,2021-09-20,78,Files and Others,10E200200,Supplies expenses,35038,S10,Standard 10%,3185,,,,,10B100630,Accounts payable - other,300978,O,Exempt,0,,,,
1281,2,2021-09,2021-09-20,78,Drinking Water,10E200200,Supplies expenses,265940,S10,Standard 10%,24176,,,,,,,0,,,0,,,,
1282,1,2021-09,2021-09-20,97,Copy Cost,10E201110,Office supplies expenses,36448,S10,Standard 10%,3313,,,,,10B100630,Accounts payable - other,36448,O,Exempt,0,,,,
1283,1,2021-09,2021-09-20,98,Office Supplies,10E201110,Office supplies expenses,5123,S10,Standard 10%,465,,,,,10B100630,Accounts payable - other,5123,O,Exempt,0,,,,
1284,1,2021-09,2021-09-20,101,Advertisement Fee,10E200050,Advertising expenses,52500,S10,Standard 10%,4772,,,,,10B100630,Accounts payable - other,52500,O,Exempt,0,,,,
1285,1,2021-09,2021-09-20,105,Maji department store Momiji department store,10A100020,Cash and deposits,10772743,O,Exempt,0,1,Mizuho Bank,,,10A100060,Notes receivable - trade,10772743,O,Exempt,0,,,,
1286,1,2021-09,2021-09-20,107,"September 20th Slip No. 310 Saito Co., Ltd.",10A100020,Cash and deposits,727257,O,Exempt,0,,,,,10A100090,Accounts receivable - trade,727257,O,Exempt,0,11,"Saito Co., Ltd.",,
1286,2,2021-09,2021-09-20,107,Fund Transfer,10A100020,Cash and deposits,15000000,O,Exempt,0,20,Mizuho Main Branch,,,10A100020,Cash and deposits,15000000,O,Exempt,0,1,Mizuho Bank,,
1287,1,2021-09,2021-09-20,108,September 20th Slip No. 311 Takada LLC,10A100020,Cash and deposits,781357,O,Exempt,0,30,Mitsui Nagoya,,,10A100090,Accounts receivable - trade,781357,O,Exempt,0,21,Takada LLC,,
1287,2,2021-09,2021-09-20,108,September 20th Slip No. 311 Takada LLC,10E200690,Commission expenses,630,S10,Standard 10%,57,,,,,10A100090,Accounts receivable - trade,630,O,Exempt,0,21,Takada LLC,,
1288,1,2021-09,2021-09-20,109,"September 20th Slip No. 312 YAG Co., Ltd.",10A100020,Cash and deposits,1006422,O,Exempt,0,20,Mizuho Main Branch,,,10A100090,Accounts receivable - trade,1006422,O,Exempt,0,30,"YAG Co., Ltd.",,
1288,2,2021-09,2021-09-20,109,"September 20th Slip No. 312 YAG Co., Ltd.",10E200690,Commission expenses,735,S10,Standard 10%,66,,,,,10A100090,Accounts receivable - trade,735,O,Exempt,0,30,"YAG Co., Ltd.",,
1289,1,2021-09,2021-09-20,110,"September 20th Slip No. 226 Attach Co., Ltd.",10B100040,Accounts payable - trade,944145,O,Exempt,0,4,"Attach Co., Ltd.",,,10A100020,Cash and deposits,944145,O,Exempt,0,20,Mizuho Main Branch,,
1290,1,2021-09,2021-09-20,111,"September 20th Slip No. 227 Hanada Co., Ltd.",10B100040,Accounts payable - trade,3600809,O,Exempt,0,6,"Hanada Co., Ltd.",,,10A100020,Cash and deposits,3600809,O,Exempt,0,20,Mizuho Main Branch,,
1291,1,2021-09,2021-09-20,112,"September 20th Slip No. 229 Matsumura Co., Ltd.",10B100040,Accounts payable - trade,4398969,O,Exempt,0,11,"Matsumura Co., Ltd.",,,10A100020,Cash and deposits,4398969,O,Exempt,0,20,Mizuho Main Branch,,
1292,1,2021-09,2021-09-20,118,Copy Cost,10E201110,Office supplies expenses,7198,S10,Standard 10%,654,,,,,10B100630,Accounts payable - other,7198,O,Exempt,0,,,,
1293,1,2021-09,2021-09-20,135,Office Supplies,10E201110,Office supplies expenses,5730,S10,Standard 10%,520,,,,,10B100630,Accounts payable - other,5730,O,Exempt,0,,,,
1294,1,2021-09,2021-09-20,138,Highway Toll,10E201120,Vehicle expenses,3410,S10,Standard 10%,310,,,,,10A100020,Cash and deposits,24929,O,Exempt,0,,,,
1294,2,2021-09,2021-09-20,138,Highway Toll,10E201120,Vehicle expenses,2524,S10,Standard 10%,229,,,,,,,0,,,0,,,,
1294,3,2021-09,2021-09-20,138,Highway Toll,10E201120,Vehicle expenses,3667,S10,Standard 10%,333,,,,,,,0,,,0,,,,
1294,4,2021-09,2021-09-20,138,Car wash,10E201120,Vehicle expenses,1905,S10,Standard 10%,173,,,,,,,0,,,0,,,,
1294,5,2021-09,2021-09-20,138,Gasoline Cost,10E201120,Vehicle expenses,8560,S10,Standard 10%,778,,,,,,,0,,,0,,,,
1294,6,2021-09,2021-09-20,138,Washer Fluid Cost,10E201120,Vehicle expenses,572,S10,Standard 10%,52,,,,,,,0,,,0,,,,
1294,7,2021-09,2021-09-20,138,Highway Toll,10E201120,Vehicle expenses,4291,S10,Standard 10%,390,,,,,,,0,,,0,,,,
1295,1,2021-09,2021-09-20,141,JR,10E201230,Travel and transportation expenses,8500,S10,Standard 10%,772,,,,,10A100020,Cash and deposits,8500,O,Exempt,0,,,,
1296,1,2021-09,2021-09-20,163,Membership Fee,10E201140,Membership fee,18000,O,Exempt,0,,,,,10A100020,Cash and deposits,18000,O,Exempt,0,,,,
1297,1,2021-09,2021-09-21,34,Electricity Cost,10E201040,Utilities expenses,74629,S10,Standard 10%,6784,,,,,10A100020,Cash and deposits,78875,O,Exempt,0,10,Hokkaido Station Front,,
1297,2,2021-09,2021-09-21,34,Water Cost,10E201040,Utilities expenses,4246,S10,Standard 10%,386,,,,,,,0,,,0,,,,
1298,1,2021-09,2021-09-21,64,Electricity Bill,10E201040,Utilities expenses,179448,S10,Standard 10%,16313,,,,,10A100020,Cash and deposits,186761,O,Exempt,0,20,Mizuho Main Branch,,
1298,2,2021-09,2021-09-21,64,Water Bill,10E201040,Utilities expenses,7313,S10,Standard 10%,664,,,,,,,0,,,0,,,,
1299,1,2021-09,2021-09-21,89,Electricity Bill,10E201040,Utilities expenses,78757,S10,Standard 10%,7159,,,,,10A100020,Cash and deposits,86005,O,Exempt,0,30,Mitsui Nagoya,,
1299,2,2021-09,2021-09-21,89,Water Bill,10E201040,Utilities expenses,3425,S10,Standard 10%,311,,,,,,,0,,,0,,,,
1299,3,2021-09,2021-09-21,89,Gas Cost,10E201040,Utilities expenses,3823,S10,Standard 10%,347,,,,,,,0,,,0,,,,
1300,1,2021-09,2021-09-21,132,Electricity Cost,10E201040,Utilities expenses,107691,S10,Standard 10%,9790,,,,,10A100020,Cash and deposits,113999,O,Exempt,0,40,Mitsubishi Tokyo Umeda,,
1300,2,2021-09,2021-09-21,132,Water Cost,10E201040,Utilities expenses,6308,S10,Standard 10%,573,,,,,,,0,,,0,,,,
1301,1,2021-09,2021-09-21,154,Food and Beverage Cost Izakaya Hanamichi 4 People,10E200150,Entertainment expenses,23610,S10,Standard 10%,2146,,,,,10B100630,Accounts payable - other,57325,O,Exempt,0,,,,
1301,2,2021-09,2021-09-21,154,Food and drink fee Snack Miwa,10E200150,Entertainment expenses,33715,S10,Standard 10%,3065,,,,,,,0,,,0,,,,
1302,1,2021-09,2021-09-21,160,Business Trip Expense,10E201230,Travel and transportation expenses,70000,S10,Standard 10%,6363,,,,,10A100020,Cash and deposits,70000,O,Exempt,0,,,,
1303,1,2021-09,2021-09-21,169,Electricity Bill,10E201040,Utilities expenses,102337,S10,Standard 10%,9303,,,,,10A100020,Cash and deposits,107895,O,Exempt,0,50,Fukuoka Kitakyushu,,
1303,2,2021-09,2021-09-21,169,Water Bill,10E201040,Utilities expenses,5558,S10,Standard 10%,505,,,,,,,0,,,0,,,,
1304,1,2021-09,2021-09-22,38,Accommodation Expense,10E200140,Welfare expenses,48164,S10,Standard 10%,4378,,,,,10B100630,Accounts payable - other,48164,O,Exempt,0,,,,
1305,1,2021-09,2021-09-22,61,Tea Cost,10E200140,Welfare expenses,10900,S10,Standard 10%,990,,,,,10B100630,Accounts payable - other,10900,O,Exempt,0,,,,
1306,1,2021-09,2021-09-22,67,Tissue Paper and Others,10E201270,Miscellaneous expenses,1581,S10,Standard 10%,143,,,,,10A100020,Cash and deposits,1581,O,Exempt,0,,,,
1307,1,2021-09,2021-09-22,75,Food and Beverage Cost Snack Lillian 2 People,10E200150,Entertainment expenses,10460,S10,Standard 10%,950,,,,,10A100020,Cash and deposits,10460,O,Exempt,0,,,,
1308,1,2021-09,2021-09-22,90,Duskin Service Fee,10E201270,Miscellaneous expenses,10500,S10,Standard 10%,954,,,,,10A100020,Cash and deposits,10500,O,Exempt,0,,,,
1309,1,2021-09,2021-09-22,95,Cleaning Fee,10E201270,Miscellaneous expenses,71675,S10,Standard 10%,6515,,,,,10B100630,Accounts payable - other,71675,O,Exempt,0,,,,
1310,1,2021-09,2021-09-22,107,Get-well Gift,10E200150,Entertainment expenses,10000,S10,Standard 10%,909,,,,,10A100020,Cash and deposits,10000,O,Exempt,0,,,,
1311,1,2021-09,2021-09-22,153,Coffee fee 2 people,10E200150,Entertainment expenses,1260,S10,Standard 10%,114,,,,,10A100020,Cash and deposits,1260,O,Exempt,0,,,,
1312,1,2021-09,2021-09-22,166,Duskin Service Fee,10E201270,Miscellaneous expenses,1890,S10,Standard 10%,171,,,,,10A100020,Cash and deposits,1890,O,Exempt,0,,,,
1313,1,2021-09,2021-09-23,3,Accommodation Cost,10E200140,Welfare expenses,28851,S10,Standard 10%,2622,,,,,10B100630,Accounts payable - other,28851,O,Exempt,0,,,,
1314,1,2021-09,2021-09-23,26,Travel Expenses,10E201230,Travel and transportation expenses,11000,S10,Standard 10%,1000,,,,,10A100020,Cash and deposits,11000,O,Exempt,0,,,,
1315,1,2021-09,2021-09-23,28,Taxi Fare,10E201230,Travel and transportation expenses,2420,S10,Standard 10%,220,,,,,10B100630,Accounts payable - other,2420,O,Exempt,0,,,,
1316,1,2021-09,2021-09-23,54,Highway Toll,10E201120,Vehicle expenses,4600,S10,Standard 10%,418,,,,,10A100020,Cash and deposits,4600,O,Exempt,0,,,,
1317,1,2021-09,2021-09-23,140,Travel Expenses,10E201230,Travel and transportation expenses,23500,S10,Standard 10%,2136,,,,,10A100020,Cash and deposits,23500,O,Exempt,0,,,,
1318,1,2021-09,2021-09-24,62,Mobile Phone Cost,10E200180,Communication expenses,100596,S10,Standard 10%,9145,,,,,10A100020,Cash and deposits,100596,O,Exempt,0,20,Mizuho Main Branch,,
1319,1,2021-09,2021-09-24,71,Tissue Cost and Others,10E201270,Miscellaneous expenses,963,S10,Standard 10%,87,,,,,10A100020,Cash and deposits,963,O,Exempt,0,,,,
1320,1,2021-09,2021-09-24,109,Gasoline Cost,10E201120,Vehicle expenses,45400,S10,Standard 10%,4127,,,,,10B100630,Accounts payable - other,45400,O,Exempt,0,,,,
1321,1,2021-09,2021-09-24,120,Subcontracting Cost,10E200020,Sales commission,504000,S10,Standard 10%,45818,,,,,10B100630,Accounts payable - other,504000,O,Exempt,0,,,,
1322,1,2021-09,2021-09-24,144,Gasoline Cost,10E201120,Vehicle expenses,6172,S10,Standard 10%,561,,,,,10A100020,Cash and deposits,14649,O,Exempt,0,,,,
1322,2,2021-09,2021-09-24,144,Highway Toll,10E201120,Vehicle expenses,8477,S10,Standard 10%,770,,,,,,,0,,,0,,,,
1323,1,2021-09,2021-09-24,146,Subcontracting Cost,10E200020,Sales commission,147000,S10,Standard 10%,13363,,,,,10B100630,Accounts payable - other,147000,O,Exempt,0,,,,
1324,1,2021-09,2021-09-25,29,Mobile Phone Bill,10E200180,Communication expenses,94547,S10,Standard 10%,8595,,,,,10A100020,Cash and deposits,94547,O,Exempt,0,10,Hokkaido Station Front,,
1325,1,2021-09,2021-09-25,35,Newspaper Cost,10E201160,Book expenses,3925,S10,Standard 10%,356,,,,,10A100020,Cash and deposits,3925,O,Exempt,0,,,,
1326,1,2021-09,2021-09-25,78,Subcontracting Fee Payment,10E200020,Sales commission,193359,S10,Standard 10%,17578,,,,,10B100630,Accounts payable - other,193359,O,Exempt,0,,,,
1327,1,2021-09,2021-09-25,89,September Salary Others 0001 Executives,10E200090,Remuneration for directors (and other officers),1720000,O,Exempt,0,,,,,10A100020,Cash and deposits,1130529,O,Exempt,0,20,Mizuho Main Branch,,
1327,2,2021-09,2021-09-25,89,September Salary Others 0001 Executives,,,0,,,0,,,,,10B100690,Deposits received,112236,O,Exempt,0,1,Insurance Premium,,
1327,3,2021-09,2021-09-25,89,September Salary Others 0001 Executives,,,0,,,0,,,,,10B100690,Deposits received,171200,O,Exempt,0,2,Resident Tax,,
1327,4,2021-09,2021-09-25,89,September Salary Others 0001 Executives,,,0,,,0,,,,,10B100690,Deposits received,166343,O,Exempt,0,3,Withholding Tax,,
1327,5,2021-09,2021-09-25,89,September Salary Others 0001 Executives,,,0,,,0,,,,,10B100690,Deposits received,133972,O,Exempt,0,4,Savings & Insurance,,
1327,6,2021-09,2021-09-25,89,September Salary Others 0001 Executives,,,0,,,0,,,,,10B100690,Deposits received,5720,O,Exempt,0,9,Others,,
1327,7,2021-09,2021-09-25,89,September Salary Others 0020 Sales Department,10E200370,Salaries and allowances,1810433,O,Exempt,0,,,,,10A100020,Cash and deposits,1357372,O,Exempt,0,20,Mizuho Main Branch,,
1327,8,2021-09,2021-09-25,89,September Salary Others 0020 Sales Department,,,0,,,0,,,,,10B100690,Deposits received,219315,O,Exempt,0,1,Insurance Premium,,
1327,9,2021-09,2021-09-25,89,September Salary Others 0020 Sales Department,,,0,,,0,,,,,10B100690,Deposits received,104300,O,Exempt,0,2,Resident Tax,,
1327,10,2021-09,2021-09-25,89,September Salary Others 0020 Sales Department,,,0,,,0,,,,,10B100690,Deposits received,29480,O,Exempt,0,3,Withholding Tax,,
1327,11,2021-09,2021-09-25,89,September Salary Others 0020 Sales Department,,,0,,,0,,,,,10B100690,Deposits received,43305,O,Exempt,0,4,Savings & Insurance,,
1327,12,2021-09,2021-09-25,89,September Salary Others 0020 Sales Department,,,0,,,0,,,,,10B100690,Deposits received,56661,O,Exempt,0,9,Others,,
1327,13,2021-09,2021-09-25,89,September Salary Others 1000 Sapporo Office,10E200370,Salaries and allowances,810566,O,Exempt,0,,,,,10A100020,Cash and deposits,563545,O,Exempt,0,20,Mizuho Main Branch,,
1327,14,2021-09,2021-09-25,89,September Salary Others 1000 Sapporo Office,,,0,,,0,,,,,10B100690,Deposits received,96280,O,Exempt,0,1,Insurance Premium,,
1327,15,2021-09,2021-09-25,89,September Salary Others 1000 Sapporo Office,,,0,,,0,,,,,10B100690,Deposits received,46300,O,Exempt,0,2,Resident Tax,,
1327,16,2021-09,2021-09-25,89,September Salary Others 1000 Sapporo Office,,,0,,,0,,,,,10B100690,Deposits received,12130,O,Exempt,0,3,Withholding Tax,,
1327,17,2021-09,2021-09-25,89,September Salary Others 1000 Sapporo Office,,,0,,,0,,,,,10B100690,Deposits received,50648,O,Exempt,0,4,Savings & Insurance,,
1327,18,2021-09,2021-09-25,89,September Salary Others 1000 Sapporo Office,,,0,,,0,,,,,10B100690,Deposits received,41663,O,Exempt,0,9,Others,,
1327,19,2021-09,2021-09-25,89,September Salary Others 3000 Nagoya Office,10E200370,Salaries and allowances,713000,O,Exempt,0,,,,,10A100020,Cash and deposits,496652,O,Exempt,0,20,Mizuho Main Branch,,
1327,20,2021-09,2021-09-25,89,September Salary Others 3000 Nagoya Office,,,0,,,0,,,,,10B100690,Deposits received,94031,O,Exempt,0,1,Insurance Premium,,
1327,21,2021-09,2021-09-25,89,September Salary Others 3000 Nagoya Office,,,0,,,0,,,,,10B100690,Deposits received,42600,O,Exempt,0,2,Resident Tax,,
1327,22,2021-09,2021-09-25,89,September Salary Others 3000 Nagoya Office,,,0,,,0,,,,,10B100690,Deposits received,5680,O,Exempt,0,3,Withholding Tax,,
1327,23,2021-09,2021-09-25,89,September Salary Others 3000 Nagoya Office,,,0,,,0,,,,,10B100690,Deposits received,40759,O,Exempt,0,4,Savings & Insurance,,
1327,24,2021-09,2021-09-25,89,September Salary Others 3000 Nagoya Office,,,0,,,0,,,,,10B100690,Deposits received,33278,O,Exempt,0,9,Others,,
1327,25,2021-09,2021-09-25,89,September Salary Others 4000 Osaka Branch,10E200370,Salaries and allowances,936294,O,Exempt,0,,,,,10A100020,Cash and deposits,717802,O,Exempt,0,20,Mizuho Main Branch,,
1327,26,2021-09,2021-09-25,89,September Salary Others 4000 Osaka Branch,,,0,,,0,,,,,10B100690,Deposits received,121795,O,Exempt,0,1,Insurance Premium,,
1327,27,2021-09,2021-09-25,89,September Salary Others 4000 Osaka Branch,,,0,,,0,,,,,10B100690,Deposits received,53400,O,Exempt,0,2,Resident Tax,,
1327,28,2021-09,2021-09-25,89,September Salary Others 4000 Osaka Branch,,,0,,,0,,,,,10B100690,Deposits received,14710,O,Exempt,0,3,Withholding Tax,,
1327,29,2021-09,2021-09-25,89,September Salary Others 4000 Osaka Branch,,,0,,,0,,,,,10B100690,Deposits received,13570,O,Exempt,0,4,Savings & Insurance,,
1327,30,2021-09,2021-09-25,89,September Salary Others 4000 Osaka Branch,,,0,,,0,,,,,10B100690,Deposits received,15017,O,Exempt,0,9,Others,,
1327,31,2021-09,2021-09-25,89,September Salary Others 5000 Kyushu Office,10E200370,Salaries and allowances,545252,O,Exempt,0,,,,,10A100020,Cash and deposits,412243,O,Exempt,0,20,Mizuho Main Branch,,
1327,32,2021-09,2021-09-25,89,September Salary Others 5000 Kyushu Office,,,0,,,0,,,,,10B100690,Deposits received,67268,O,Exempt,0,1,Insurance Premium,,
1327,33,2021-09,2021-09-25,89,September Salary Others 5000 Kyushu Office,,,0,,,0,,,,,10B100690,Deposits received,31700,O,Exempt,0,2,Resident Tax,,
1327,34,2021-09,2021-09-25,89,September Salary Others 5000 Kyushu Office,,,0,,,0,,,,,10B100690,Deposits received,6630,O,Exempt,0,3,Withholding Tax,,
1327,35,2021-09,2021-09-25,89,September Salary Others 5000 Kyushu Office,,,0,,,0,,,,,10B100690,Deposits received,18540,O,Exempt,0,4,Savings & Insurance,,
1327,36,2021-09,2021-09-25,89,September Salary Others 5000 Kyushu Office,,,0,,,0,,,,,10B100690,Deposits received,8871,O,Exempt,0,9,Others,,
1328,1,2021-09,2021-09-25,111,Taxi Fare,10E201230,Travel and transportation expenses,8990,S10,Standard 10%,817,,,,,10B100630,Accounts payable - other,8990,O,Exempt,0,,,,
1329,1,2021-09,2021-09-25,113,September 25th Slip No. 313 Imai Department Store,10A100060,Notes receivable - trade,14559712,O,Exempt,0,,,,,10A100090,Accounts receivable - trade,14559712,O,Exempt,0,2,Imai Department Store,,
1330,1,2021-09,2021-09-25,114,"September 25th Slip No. 314 Comprehensive Management Co., Ltd.",10A100020,Cash and deposits,1176306,O,Exempt,0,30,Mitsui Nagoya,,,10A100090,Accounts receivable - trade,1176306,O,Exempt,0,7,"Comprehensive Management Co., Ltd.",,
1330,2,2021-09,2021-09-25,114,"September 25th Slip No. 314 Comprehensive Management Co., Ltd.",10E200690,Commission expenses,735,S10,Standard 10%,66,,,,,10A100090,Accounts receivable - trade,735,O,Exempt,0,7,"Comprehensive Management Co., Ltd.",,
1331,1,2021-09,2021-09-25,115,"September 25th Slip No. 315 Kamata Shoten Co., Ltd.",10A100020,Cash and deposits,691320,O,Exempt,0,40,Mitsubishi Tokyo Umeda,,,10A100090,Accounts receivable - trade,691320,O,Exempt,0,23,"Kamata Shoten Co., Ltd.",,
1331,2,2021-09,2021-09-25,115,"September 25th Slip No. 315 Kamata Shoten Co., Ltd.",10E200690,Commission expenses,630,S10,Standard 10%,57,,,,,10A100090,Accounts receivable - trade,630,O,Exempt,0,23,"Kamata Shoten Co., Ltd.",,
1332,1,2021-09,2021-09-25,116,"September 25th Slip No. 316 Kobayashi Market Co., Ltd.",10A100020,Cash and deposits,3840814,O,Exempt,0,10,Hokkaido Station Front,,,10A100090,Accounts receivable - trade,3840814,O,Exempt,0,25,"Kobayashi Market Co., Ltd.",,
1332,2,2021-09,2021-09-25,116,"September 25th Slip No. 316 Kobayashi Market Co., Ltd.",10E200690,Commission expenses,840,S10,Standard 10%,76,,,,,10A100090,Accounts receivable - trade,840,O,Exempt,0,25,"Kobayashi Market Co., Ltd.",,
1333,1,2021-09,2021-09-25,121,Tea Cost,10E200140,Welfare expenses,9500,S10,Standard 10%,863,,,,,10A100020,Cash and deposits,9500,O,Exempt,0,,,,
1334,1,2021-09,2021-09-25,131,Membership Fee,10E201140,Membership fee,24000,O,Exempt,0,,,,,10A100020,Cash and deposits,24000,O,Exempt,0,40,Mitsubishi Tokyo Umeda,,
1335,1,2021-09,2021-09-25,172,Subcontracting Fee Payment,10E200020,Sales commission,87000,S10,Standard 10%,7909,,,,,10B100630,Accounts payable - other,87000,O,Exempt,0,,,,
1336,1,2021-09,2021-09-26,8,Regular Meeting Membership Fee,10E200150,Entertainment expenses,20000,S10,Standard 10%,1818,,,,,10A100020,Cash and deposits,20000,O,Exempt,0,,,,
1337,1,2021-09,2021-09-26,25,Travel Expenses,10E201230,Travel and transportation expenses,61213,S10,Standard 10%,5564,,,,,10A100020,Cash and deposits,61213,O,Exempt,0,,,,
1338,1,2021-09,2021-09-26,72,Newspaper Cost,10E201160,Book expenses,2864,S10,Standard 10%,260,,,,,10A100020,Cash and deposits,9078,O,Exempt,0,,,,
1338,2,2021-09,2021-09-26,72,Newspaper Cost,10E201160,Book expenses,2815,S10,Standard 10%,255,,,,,,,0,,,0,,,,
1338,3,2021-09,2021-09-26,72,Newspaper Cost,10E201160,Book expenses,3399,S10,Standard 10%,309,,,,,,,0,,,0,,,,
1339,1,2021-09,2021-09-26,87,Mobile Phone Cost,10E200180,Communication expenses,44116,S10,Standard 10%,4010,,,,,10A100020,Cash and deposits,44116,O,Exempt,0,30,Mitsui Nagoya,,
1340,1,2021-09,2021-09-26,155,Gasoline Cost,10E201120,Vehicle expenses,7246,S10,Standard 10%,658,,,,,10A100020,Cash and deposits,7246,O,Exempt,0,,,,
1341,1,2021-09,2021-09-26,170,Newspaper Cost,10E201160,Book expenses,3007,S10,Standard 10%,273,,,,,10A100020,Cash and deposits,3007,O,Exempt,0,,,,
1342,1,2021-09,2021-09-27,13,Repair Cost,10E201120,Vehicle expenses,93450,S10,Standard 10%,8495,,,,,10A100020,Cash and deposits,93450,O,Exempt,0,,,,
1343,1,2021-09,2021-09-27,14,Gasoline Cost,10E201120,Vehicle expenses,4000,S10,Standard 10%,363,,,,,10A100020,Cash and deposits,4000,O,Exempt,0,,,,
1344,1,2021-09,2021-09-27,30,Insurance Premium Payment,10E200240,Insurance expenses,54320,X,Non-Purchase,0,,,,,10A100020,Cash and deposits,54320,O,Exempt,0,10,Hokkaido Station Front,,
1345,1,2021-09,2021-09-27,37,Subcontracting Cost,10E200020,Sales commission,986000,S10,Standard 10%,89636,,,,,10B100630,Accounts payable - other,986000,O,Exempt,0,,,,
1346,1,2021-09,2021-09-27,39,Membership Fee,10E200140,Welfare expenses,9000,S10,Standard 10%,818,,,,,10A100020,Cash and deposits,9000,O,Exempt,0,,,,
1347,1,2021-09,2021-09-27,60,Travel Expenses,10E201230,Travel and transportation expenses,21500,S10,Standard 10%,1954,,,,,10A100020,Cash and deposits,21500,O,Exempt,0,,,,
1348,1,2021-09,2021-09-27,113,Mobile Phone Cost,10E200180,Communication expenses,74680,S10,Standard 10%,6789,,,,,10A100020,Cash and deposits,74680,O,Exempt,0,40,Mitsubishi Tokyo Umeda,,
1349,1,2021-09,2021-09-27,114,Newspaper Cost,10E201160,Book expenses,2540,S10,Standard 10%,230,,,,,10A100020,Cash and deposits,5404,O,Exempt,0,,,,
1349,2,2021-09,2021-09-27,114,Newspaper Cost,10E201160,Book expenses,2864,S10,Standard 10%,260,,,,,,,0,,,0,,,,
1350,1,2021-09,2021-09-27,171,Mobile Phone Cost,10E200180,Communication expenses,55182,S10,Standard 10%,5016,,,,,10A100020,Cash and deposits,55182,O,Exempt,0,50,Fukuoka Kitakyushu,,
1351,1,2021-09,2021-09-28,83,Vehicle Management Cost,10E201120,Vehicle expenses,48500,S10,Standard 10%,4409,,,,,10A100020,Cash and deposits,48500,O,Exempt,0,,,,
1352,1,2021-09,2021-09-28,88,Newspaper Cost,10E201160,Book expenses,3568,S10,Standard 10%,324,,,,,10A100020,Cash and deposits,3568,O,Exempt,0,,,,
1353,1,2021-09,2021-09-28,93,Maintenance Cost,10E201000,Repair and maintenance expenses,17850,S10,Standard 10%,1622,,,,,10B100630,Accounts payable - other,17850,O,Exempt,0,,,,
1354,1,2021-09,2021-09-29,81,Tea Cost,10E200140,Welfare expenses,18900,S10,Standard 10%,1718,,,,,10B100630,Accounts payable - other,18900,O,Exempt,0,,,,
1355,1,2021-09,2021-09-29,83,Gasoline Cost,10E201120,Vehicle expenses,4360,S10,Standard 10%,396,,,,,10A100020,Cash and deposits,4360,O,Exempt,0,,,,
1356,1,2021-09,2021-09-29,108,Meal restaurant Umeda,10E200150,Entertainment expenses,5530,S10,Standard 10%,502,,,,,10A100020,Cash and deposits,5530,O,Exempt,0,,,,
1357,1,2021-09,2021-09-29,137,Wired (Cable),10E201270,Miscellaneous expenses,6000,S10,Standard 10%,545,,,,,10B100630,Accounts payable - other,48858,O,Exempt,0,,,,
1357,2,2021-09,2021-09-29,137,Security Fee,10E201270,Miscellaneous expenses,42858,S10,Standard 10%,3896,,,,,,,0,,,0,,,,
1357,3,2021-09,2021-09-29,137,Highway Toll,10E201120,Vehicle expenses,67810,S10,Standard 10%,6164,,,,,10A100020,Cash and deposits,67810,O,Exempt,0,40,Mitsubishi Tokyo Umeda,,
1357,4,2021-09,2021-09-29,137,Cleaning Fee,10E201270,Miscellaneous expenses,73500,S10,Standard 10%,6681,,,,,10B100630,Accounts payable - other,73500,O,Exempt,0,,,,
1358,1,2021-09,2021-09-29,147,Fund Transfer,10A100020,Cash and deposits,12000000,O,Exempt,0,20,Mizuho Main Branch,,,10A100020,Cash and deposits,4000000,O,Exempt,0,10,Hokkaido Station Front,,
1358,2,2021-09,2021-09-29,147,Fund Transfer,,,0,,,0,,,,,10A100020,Cash and deposits,3000000,O,Exempt,0,30,Mitsui Nagoya,,
1358,3,2021-09,2021-09-29,147,Fund Transfer,,,0,,,0,,,,,10A100020,Cash and deposits,3000000,O,Exempt,0,40,Mitsubishi Tokyo Umeda,,
1358,4,2021-09,2021-09-29,147,Fund Transfer,,,0,,,0,,,,,10A100020,Cash and deposits,2000000,O,Exempt,0,50,Fukuoka Kitakyushu,,
1359,1,2021-09,2021-09-30,1,Fare Sagawa Express,10E200870,Freight costs,131560,S10,Standard 10%,11960,,,,,10B100630,Accounts payable - other,131560,O,Exempt,0,,,,
1360,1,2021-09,2021-09-30,5,Advertising Expense,10E200050,Advertising expenses,52500,S10,Standard 10%,4772,,,,,10A100020,Cash and deposits,52500,O,Exempt,0,10,Hokkaido Station Front,,
1361,1,2021-09,2021-09-30,27,Travel Expenses,10E201230,Travel and transportation expenses,28362,S10,Standard 10%,2578,,,,,10A100020,Cash and deposits,94073,O,Exempt,0,,,,
1361,2,2021-09,2021-09-30,27,Travel Expenses,10E201230,Travel and transportation expenses,27739,S10,Standard 10%,2521,,,,,,,0,,,0,,,,
1361,3,2021-09,2021-09-30,27,Travel Expenses,10E201230,Travel and transportation expenses,37972,S10,Standard 10%,3452,,,,,,,0,,,0,,,,
1362,1,2021-09,2021-09-30,36,Fare Yamato Transport,10E200870,Freight costs,1650467,S10,Standard 10%,150042,,,,,10B100630,Accounts payable - other,2460791,O,Exempt,0,,,,
1362,2,2021-09,2021-09-30,36,Fare Sagawa Express,10E200870,Freight costs,810324,S10,Standard 10%,73665,,,,,,,0,,,0,,,,
1363,1,2021-09,2021-09-30,40,Advertisement,10E200050,Advertising expenses,50000,S10,Standard 10%,4545,,,,,10B100630,Accounts payable - other,50000,O,Exempt,0,,,,
1364,1,2021-09,2021-09-30,49,Gasoline Cost,10E201120,Vehicle expenses,127620,S10,Standard 10%,11601,,,,,10A100020,Cash and deposits,133349,O,Exempt,0,,,,
1364,2,2021-09,2021-09-30,49,Highway Toll,10E201120,Vehicle expenses,5729,S10,Standard 10%,520,,,,,,,0,,,0,,,,
1365,1,2021-09,2021-09-30,63,Insurance Premium,10E200240,Insurance expenses,81000,X,Non-Purchase,0,,,,,10A100020,Cash and deposits,81000,O,Exempt,0,20,Mizuho Main Branch,,
1366,1,2021-09,2021-09-30,67,Membership Fee Payment,10E201140,Membership fee,30000,O,Exempt,0,,,,,10A100020,Cash and deposits,30000,O,Exempt,0,,,,
1367,1,2021-09,2021-09-30,70,Wired (Cable),10E201270,Miscellaneous expenses,6000,S10,Standard 10%,545,,,,,10B100630,Accounts payable - other,58381,O,Exempt,0,,,,
1367,2,2021-09,2021-09-30,70,Security Fee,10E201270,Miscellaneous expenses,52381,S10,Standard 10%,4761,,,,,,,0,,,0,,,,
1367,3,2021-09,2021-09-30,70,Highway Toll,10E201120,Vehicle expenses,73315,S10,Standard 10%,6665,,,,,10A100020,Cash and deposits,73315,O,Exempt,0,,,,
1367,4,2021-09,2021-09-30,70,Cleaning Fee,10E201270,Miscellaneous expenses,73500,S10,Standard 10%,6681,,,,,10B100630,Accounts payable - other,73500,O,Exempt,0,,,,
1368,1,2021-09,2021-09-30,75,Insurance Premium Advance,10B100690,Deposits received,706839,O,Exempt,0,1,Insurance Premium,,,10A100020,Cash and deposits,1423355,O,Exempt,0,20,Mizuho Main Branch,,
1368,2,2021-09,2021-09-30,75,Employer's Share of Insurance Premiums,10E200540,Legal welfare expenses,111192,X,Non-Purchase,0,,,,,,,0,,,0,,,,
1368,3,2021-09,2021-09-30,75,Employer's Share of Insurance Premiums,10E200540,Legal welfare expenses,216077,X,Non-Purchase,0,,,,,,,0,,,0,,,,
1368,4,2021-09,2021-09-30,75,Employer's Share of Insurance Premiums,10E200540,Legal welfare expenses,100704,X,Non-Purchase,0,,,,,,,0,,,0,,,,
1368,5,2021-09,2021-09-30,75,Employer's Share of Insurance Premiums,10E200540,Legal welfare expenses,92652,X,Non-Purchase,0,,,,,,,0,,,0,,,,
1368,6,2021-09,2021-09-30,75,Employer's Share of Insurance Premiums,10E200540,Legal welfare expenses,119974,X,Non-Purchase,0,,,,,,,0,,,0,,,,
1368,7,2021-09,2021-09-30,75,Employer's Share of Insurance Premiums,10E200540,Legal welfare expenses,66245,X,Non-Purchase,0,,,,,,,0,,,0,,,,
1368,8,2021-09,2021-09-30,75,Employer's Share of Child Contribution,10E200540,Legal welfare expenses,9672,X,Non-Purchase,0,,,,,,,0,,,0,,,,
1369,1,2021-09,2021-09-30,76,Insurance Premium,10E200240,Insurance expenses,62000,X,Non-Purchase,0,,,,,10A100020,Cash and deposits,62000,O,Exempt,0,30,Mitsui Nagoya,,
1370,1,2021-09,2021-09-30,77,Insurance Premium Payment,10E200240,Insurance expenses,57000,X,Non-Purchase,0,,,,,10A100020,Cash and deposits,57000,O,Exempt,0,50,Fukuoka Kitakyushu,,
1370,2,2021-09,2021-09-30,77,Freight,10E200870,Freight costs,165420,S10,Standard 10%,15038,,,,,10B100630,Accounts payable - other,165420,O,Exempt,0,,,,
1371,1,2021-09,2021-09-30,79,Consumables Cost Department Allocation,,,0,,,0,,,,,10E200200,Supplies expenses,300978,O,Exempt,0,,,,
1371,2,2021-09,2021-09-30,79,,10E200200,Supplies expenses,33107,O,Exempt,0,,,,,,,0,,,0,,,,
1371,3,2021-09,2021-09-30,79,,10E200200,Supplies expenses,144472,O,Exempt,0,,,,,,,0,,,0,,,,
1371,4,2021-09,2021-09-30,79,,10E200200,Supplies expenses,30097,O,Exempt,0,,,,,,,0,,,0,,,,
1371,5,2021-09,2021-09-30,79,,10E200200,Supplies expenses,72234,O,Exempt,0,,,,,,,0,,,0,,,,
1371,6,2021-09,2021-09-30,79,,10E200200,Supplies expenses,21068,O,Exempt,0,,,,,,,0,,,0,,,,
1372,1,2021-09,2021-09-30,87,Travel Expenses,10E201230,Travel and transportation expenses,30000,S10,Standard 10%,2727,,,,,10A100020,Cash and deposits,30000,O,Exempt,0,,,,
1373,1,2021-09,2021-09-30,90,Payment for August,10B100630,Accounts payable - other,7333580,O,Exempt,0,,,,,10A100020,Cash and deposits,7333580,O,Exempt,0,20,Mizuho Main Branch,,
1374,1,2021-09,2021-09-30,96,Security Fee,10E201270,Miscellaneous expenses,22470,S10,Standard 10%,2042,,,,,10A100020,Cash and deposits,22470,O,Exempt,0,30,Mitsui Nagoya,,
1375,1,2021-09,2021-09-30,99,Freight,10E200870,Freight costs,632040,S10,Standard 10%,57458,,,,,10B100630,Accounts payable - other,632040,O,Exempt,0,,,,
1376,1,2021-09,2021-09-30,100,Membership Fee,10E200140,Welfare expenses,6000,S10,Standard 10%,545,,,,,10A100020,Cash and deposits,6000,O,Exempt,0,,,,
1377,1,2021-09,2021-09-30,115,Insurance Premium,10E200240,Insurance expenses,64500,X,Non-Purchase,0,,,,,10A100020,Cash and deposits,64500,O,Exempt,0,40,Mitsubishi Tokyo Umeda,,
1378,1,2021-09,2021-09-30,117,Sales for the period from September 1th to September 30th,10A100090,Accounts receivable - trade,4531280,O,Exempt,0,25,"Kobayashi Market Co., Ltd.",,,10D100100,Gross sales,4531280,S10,Standard 10%,411934,,,,
1378,2,2021-09,2021-09-30,117,Sales for the period from September 1th to September 30th,10A100090,Accounts receivable - trade,1121960,O,Exempt,0,14,"Fujita Co., Ltd.",,,10D100100,Gross sales,1121960,S10,Standard 10%,101996,,,,
1378,3,2021-09,2021-09-30,117,Sales for the period from September 1th to September 30th,10A100090,Accounts receivable - trade,1129600,O,Exempt,0,5,"ABC Co., Ltd.",,,10D100100,Gross sales,1129600,S10,Standard 10%,102690,,,,
1379,1,2021-09,2021-09-30,118,Sales for the period from September 1th to September 30th,10A100090,Accounts receivable - trade,16028828,O,Exempt,0,2,Imai Department Store,,,10D100100,Gross sales,16028828,S10,Standard 10%,1457166,,,,
1379,2,2021-09,2021-09-30,118,Sales for the period from September 1th to September 30th,10A100090,Accounts receivable - trade,9607109,O,Exempt,0,12,Momiji Department Store,,,10D100100,Gross sales,9607109,S10,Standard 10%,873373,,,,
1379,3,2021-09,2021-09-30,118,Sales for the period from September 1th to September 30th,10A100090,Accounts receivable - trade,670364,O,Exempt,0,24,"Hatakeyama Trading Co., Ltd.",,,10D100100,Gross sales,670364,S10,Standard 10%,60942,,,,
1379,4,2021-09,2021-09-30,118,Sales for the period from September 1th to September 30th,10A100090,Accounts receivable - trade,311649,O,Exempt,0,11,"Saito Co., Ltd.",,,10D100100,Gross sales,311649,S10,Standard 10%,28331,,,,
1379,5,2021-09,2021-09-30,118,Sales for the period from September 1th to September 30th,10A100090,Accounts receivable - trade,1733186,O,Exempt,0,14,"Fujita Co., Ltd.",,,10D100100,Gross sales,1733186,S10,Standard 10%,157562,,,,
1379,6,2021-09,2021-09-30,118,Sales for the period from September 1th to September 30th,10A100090,Accounts receivable - trade,1044756,O,Exempt,0,30,"YAG Co., Ltd.",,,10D100100,Gross sales,1044756,S10,Standard 10%,94977,,,,
1379,7,2021-09,2021-09-30,118,Sales for the period from September 1th to September 30th,10A100090,Accounts receivable - trade,695408,O,Exempt,0,26,"Sasaki Sales Co., Ltd.",,,10D100100,Gross sales,695408,S10,Standard 10%,63218,,,,
1379,8,2021-09,2021-09-30,118,Sales for the period from September 1th to September 30th,10A100090,Accounts receivable - trade,652365,O,Exempt,0,13,"Abe Trading Co., Ltd.",,,10D100100,Gross sales,652365,S10,Standard 10%,59305,,,,
1379,9,2021-09,2021-09-30,118,Sales for the period from September 1th to September 30th,10A100090,Accounts receivable - trade,342468,O,Exempt,0,10,Aim Trading LLC,,,10D100100,Gross sales,342468,S10,Standard 10%,31133,,,,
1380,1,2021-09,2021-09-30,119,Sales for the period from September 1th to September 30th,10A100090,Accounts receivable - trade,893184,O,Exempt,0,27,"Iwashita Trading Co., Ltd.",,,10D100100,Gross sales,893184,S10,Standard 10%,81198,,,,
1380,2,2021-09,2021-09-30,119,Sales for the period from September 1th to September 30th,10A100090,Accounts receivable - trade,1356786,O,Exempt,0,14,"Fujita Co., Ltd.",,,10D100100,Gross sales,1356786,S10,Standard 10%,123344,,,,
1380,3,2021-09,2021-09-30,119,Sales for the period from September 1th to September 30th,10A100090,Accounts receivable - trade,853605,O,Exempt,0,19,"Minami Co., Ltd.",,,10D100100,Gross sales,853605,S10,Standard 10%,77600,,,,
1380,4,2021-09,2021-09-30,119,Sales for the period from September 1th to September 30th,10A100090,Accounts receivable - trade,438255,O,Exempt,0,21,Takada LLC,,,10D100100,Gross sales,438255,S10,Standard 10%,39841,,,,
1380,5,2021-09,2021-09-30,119,Sales for the period from September 1th to September 30th,10A100090,Accounts receivable - trade,1023876,O,Exempt,0,6,"Entry Co., Ltd.",,,10D100100,Gross sales,1023876,S10,Standard 10%,93079,,,,
1380,6,2021-09,2021-09-30,119,Sales for the period from September 1th to September 30th,10A100090,Accounts receivable - trade,1209600,O,Exempt,0,7,"Comprehensive Management Co., Ltd.",,,10D100100,Gross sales,1209600,S10,Standard 10%,109963,,,,
1381,1,2021-09,2021-09-30,120,Sales for the period from September 1th to September 30th,10A100090,Accounts receivable - trade,5964649,O,Exempt,0,28,Kameda Department Store,,,10D100100,Gross sales,5964649,S10,Standard 10%,542240,,,,
1381,2,2021-09,2021-09-30,120,Sales for the period from September 1th to September 30th,10A100090,Accounts receivable - trade,988155,O,Exempt,0,8,"Tower Co., Ltd.",,,10D100100,Gross sales,988155,S10,Standard 10%,89832,,,,
1381,3,2021-09,2021-09-30,120,Sales for the period from September 1th to September 30th,10A100090,Accounts receivable - trade,1104280,O,Exempt,0,9,"Takahashi Trading Co., Ltd.",,,10D100100,Gross sales,1104280,S10,Standard 10%,100389,,,,
1381,4,2021-09,2021-09-30,120,Sales for the period from September 1th to September 30th,10A100090,Accounts receivable - trade,2538474,O,Exempt,0,14,"Fujita Co., Ltd.",,,10D100100,Gross sales,2538474,S10,Standard 10%,230770,,,,
1381,5,2021-09,2021-09-30,120,Sales for the period from September 1th to September 30th,10A100090,Accounts receivable - trade,754274,O,Exempt,0,20,"Kujou Trading Co., Ltd.",,,10D100100,Gross sales,754274,S10,Standard 10%,68570,,,,
1381,6,2021-09,2021-09-30,120,Sales for the period from September 1th to September 30th,10A100090,Accounts receivable - trade,282780,O,Exempt,0,3,"Check Co., Ltd.",,,10D100100,Gross sales,282780,S10,Standard 10%,25707,,,,
1381,7,2021-09,2021-09-30,120,Sales for the period from September 1th to September 30th,10A100090,Accounts receivable - trade,703968,O,Exempt,0,4,Mark Market,,,10D100100,Gross sales,703968,S10,Standard 10%,63997,,,,
1381,8,2021-09,2021-09-30,120,Sales for the period from September 1th to September 30th,10A100090,Accounts receivable - trade,542236,O,Exempt,0,23,"Kamata Shoten Co., Ltd.",,,10D100100,Gross sales,542236,S10,Standard 10%,49294,,,,
1382,1,2021-09,2021-09-30,121,Sales for the period from September 1th to September 30th,10A100090,Accounts receivable - trade,570784,O,Exempt,0,22,"Watanabe Industries Co., Ltd.",,,10D100100,Gross sales,570784,S10,Standard 10%,51889,,,,
1382,2,2021-09,2021-09-30,121,Sales for the period from September 1th to September 30th,10A100090,Accounts receivable - trade,1370644,O,Exempt,0,1,"Goketsu Co., Ltd.",,,10D100100,Gross sales,1370644,S10,Standard 10%,124604,,,,
1382,3,2021-09,2021-09-30,121,Sales for the period from September 1th to September 30th,10A100090,Accounts receivable - trade,964280,O,Exempt,0,14,"Fujita Co., Ltd.",,,10D100100,Gross sales,964280,S10,Standard 10%,87661,,,,
1382,4,2021-09,2021-09-30,121,Sales for the period from September 1th to September 30th,10A100090,Accounts receivable - trade,496980,O,Exempt,0,29,"Chiyo Service Co., Ltd.",,,10D100100,Gross sales,496980,S10,Standard 10%,45180,,,,
1383,1,2021-09,2021-09-30,122,September 30th Slip No. 317 Mark Market,10A100020,Cash and deposits,732908,O,Exempt,0,40,Mitsubishi Tokyo Umeda,,,10A100090,Accounts receivable - trade,732908,O,Exempt,0,4,Mark Market,,
1383,2,2021-09,2021-09-30,122,September 30th Slip No. 317 Mark Market,10E200690,Commission expenses,840,S10,Standard 10%,76,,,,,10A100090,Accounts receivable - trade,840,O,Exempt,0,4,Mark Market,,
1384,1,2021-09,2021-09-30,123,"September 30th Slip No. 318 ABC Co., Ltd.",10A100020,Cash and deposits,1019617,O,Exempt,0,10,Hokkaido Station Front,,,10A100090,Accounts receivable - trade,1019617,O,Exempt,0,5,"ABC Co., Ltd.",,
1384,2,2021-09,2021-09-30,123,"September 30th Slip No. 318 ABC Co., Ltd.",10E200690,Commission expenses,840,S10,Standard 10%,76,,,,,10A100090,Accounts receivable - trade,840,O,Exempt,0,5,"ABC Co., Ltd.",,
1385,1,2021-09,2021-09-30,124,September 30th Slip No. 319 Momiji Department Store,10A100060,Notes receivable - trade,11129575,O,Exempt,0,,,,,10A100090,Accounts receivable - trade,11129575,O,Exempt,0,12,Momiji Department Store,,
1386,1,2021-09,2021-09-30,125,"September 30th Slip No. 320 Hatakeyama Trading Co., Ltd.",10A100020,Cash and deposits,571177,O,Exempt,0,20,Mizuho Main Branch,,,10A100090,Accounts receivable - trade,571177,O,Exempt,0,24,"Hatakeyama Trading Co., Ltd.",,
1386,2,2021-09,2021-09-30,125,"September 30th Slip No. 320 Hatakeyama Trading Co., Ltd.",10E200690,Commission expenses,630,S10,Standard 10%,57,,,,,10A100090,Accounts receivable - trade,630,O,Exempt,0,24,"Hatakeyama Trading Co., Ltd.",,
1387,1,2021-09,2021-09-30,126,"September 30th Slip No. 321 Chiyo Service Co., Ltd.",10A100020,Cash and deposits,581910,O,Exempt,0,50,Fukuoka Kitakyushu,,,10A100090,Accounts receivable - trade,581910,O,Exempt,0,29,"Chiyo Service Co., Ltd.",,
1387,2,2021-09,2021-09-30,126,"September 30th Slip No. 321 Chiyo Service Co., Ltd.",10E200690,Commission expenses,210,S10,Standard 10%,19,,,,,10A100090,Accounts receivable - trade,210,O,Exempt,0,29,"Chiyo Service Co., Ltd.",,
1388,1,2021-09,2021-09-30,127,September 30th Slip No. 455 Aim Trading LLC,10A100020,Cash and deposits,454018,O,Exempt,0,,,,,10A100090,Accounts receivable - trade,454018,O,Exempt,0,10,Aim Trading LLC,,
1389,1,2021-09,2021-09-30,128,Revenue Stamp,10E200210,Taxes and dues,2000,O,Exempt,0,,,,,10A100020,Cash and deposits,2000,O,Exempt,0,,,,
1389,2,2021-09,2021-09-30,128,Purchases for the period from September 1th to September 30th,10E100130,Cost of purchased goods,232695,S10,Standard 10%,21154,,,,,10B100040,Accounts payable - trade,232695,O,Exempt,0,2,"Pole Co., Ltd.",,
1390,1,2021-09,2021-09-30,129,Purchases for the period from September 1th to September 30th,10E100130,Cost of purchased goods,2868702,S10,Standard 10%,260791,,,,,10B100040,Accounts payable - trade,2868702,O,Exempt,0,14,West LLC,,
1390,2,2021-09,2021-09-30,129,Purchases for the period from September 1th to September 30th,10E100130,Cost of purchased goods,3153847,S10,Standard 10%,286713,,,,,10B100040,Accounts payable - trade,3153847,O,Exempt,0,3,"Check Co., Ltd.",,
1390,3,2021-09,2021-09-30,129,Purchases for the period from September 1th to September 30th,10E100130,Cost of purchased goods,1317476,S10,Standard 10%,119770,,,,,10B100040,Accounts payable - trade,1317476,O,Exempt,0,13,"Nakamura Industries Co., Ltd.",,
1390,4,2021-09,2021-09-30,129,Purchases for the period from September 1th to September 30th,10E100130,Cost of purchased goods,5934799,S10,Standard 10%,539527,,,,,10B100040,Accounts payable - trade,5934799,O,Exempt,0,1,"Y2 Co., Ltd.",,
1390,5,2021-09,2021-09-30,129,Purchases for the period from September 1th to September 30th,10E100130,Cost of purchased goods,4284585,S10,Standard 10%,389507,,,,,10B100040,Accounts payable - trade,4284585,O,Exempt,0,11,"Matsumura Co., Ltd.",,
1390,6,2021-09,2021-09-30,129,Purchases for the period from September 1th to September 30th,10E100130,Cost of purchased goods,316537,S10,Standard 10%,28776,,,,,10B100040,Accounts payable - trade,316537,O,Exempt,0,12,"Arie Co., Ltd.",,
1390,7,2021-09,2021-09-30,129,Purchases for the period from September 1th to September 30th,10E100130,Cost of purchased goods,316108,S10,Standard 10%,28737,,,,,10B100040,Accounts payable - trade,316108,O,Exempt,0,8,"Yamashita Co., Ltd.",,
1390,8,2021-09,2021-09-30,129,Purchases for the period from September 1th to September 30th,10E100130,Cost of purchased goods,392134,S10,Standard 10%,35648,,,,,10B100040,Accounts payable - trade,392134,O,Exempt,0,2,"Pole Co., Ltd.",,
1391,1,2021-09,2021-09-30,130,Purchases for the period from September 1th to September 30th,10E100130,Cost of purchased goods,1819272,S10,Standard 10%,165388,,,,,10B100040,Accounts payable - trade,1819272,O,Exempt,0,9,"Saito Industries Co., Ltd.",,
1391,2,2021-09,2021-09-30,130,Purchases for the period from September 1th to September 30th,10E100130,Cost of purchased goods,1178376,S10,Standard 10%,107125,,,,,10B100040,Accounts payable - trade,1178376,O,Exempt,0,15,"Hanamaru Trading Co., Ltd.",,
1391,3,2021-09,2021-09-30,130,Purchases for the period from September 1th to September 30th,10E100130,Cost of purchased goods,3447035,S10,Standard 10%,313366,,,,,10B100040,Accounts payable - trade,3447035,O,Exempt,0,7,"Sunset Co., Ltd.",,
1391,4,2021-09,2021-09-30,130,Purchases for the period from September 1th to September 30th,10E100130,Cost of purchased goods,116347,S10,Standard 10%,10577,,,,,10B100040,Accounts payable - trade,116347,O,Exempt,0,2,"Pole Co., Ltd.",,
1391,5,2021-09,2021-09-30,130,Purchases for the period from September 1th to September 30th,10E100130,Cost of purchased goods,74088,S10,Standard 10%,6735,,,,,10B100040,Accounts payable - trade,74088,O,Exempt,0,8,"Yamashita Co., Ltd.",,
1392,1,2021-09,2021-09-30,131,Purchases for the period from September 1th to September 30th,10E100130,Cost of purchased goods,3730512,S10,Standard 10%,339137,,,,,10B100040,Accounts payable - trade,3730512,O,Exempt,0,5,"Kofujimaru Co., Ltd.",,
1392,2,2021-09,2021-09-30,131,Purchases for the period from September 1th to September 30th,10E100130,Cost of purchased goods,944145,S10,Standard 10%,85831,,,,,10B100040,Accounts payable - trade,944145,O,Exempt,0,4,"Attach Co., Ltd.",,
1392,3,2021-09,2021-09-30,131,Purchases for the period from September 1th to September 30th,10E100130,Cost of purchased goods,3051222,S10,Standard 10%,277383,,,,,10B100040,Accounts payable - trade,3051222,O,Exempt,0,10,"Suzuki Sales Co., Ltd.",,
1392,4,2021-09,2021-09-30,131,Purchases for the period from September 1th to September 30th,10E100130,Cost of purchased goods,3484984,S10,Standard 10%,316816,,,,,10B100040,Accounts payable - trade,3484984,O,Exempt,0,6,"Hanada Co., Ltd.",,
1392,5,2021-09,2021-09-30,131,Purchases for the period from September 1th to September 30th,10E100130,Cost of purchased goods,405060,S10,Standard 10%,36823,,,,,10B100040,Accounts payable - trade,405060,O,Exempt,0,2,"Pole Co., Ltd.",,
1392,6,2021-09,2021-09-30,131,Purchases for the period from September 1th to September 30th,10E100130,Cost of purchased goods,24696,S10,Standard 10%,2245,,,,,10B100040,Accounts payable - trade,24696,O,Exempt,0,8,"Yamashita Co., Ltd.",,
1393,1,2021-09,2021-09-30,132,Purchases for the period from September 1th to September 30th,10E100130,Cost of purchased goods,94801,S10,Standard 10%,8618,,,,,10B100040,Accounts payable - trade,94801,O,Exempt,0,2,"Pole Co., Ltd.",,
1394,1,2021-09,2021-09-30,133,"September 30th Slip No. 231 Pole Co., Ltd.",10B100040,Accounts payable - trade,1318601,O,Exempt,0,2,"Pole Co., Ltd.",,,10A100020,Cash and deposits,1318601,O,Exempt,0,20,Mizuho Main Branch,,
1395,1,2021-09,2021-09-30,134,"September 30th Slip No. 232 Kofujimaru Co., Ltd.",10B100040,Accounts payable - trade,3841014,O,Exempt,0,5,"Kofujimaru Co., Ltd.",,,10B100030,Notes payable - trade,3841014,O,Exempt,0,,,,
1396,1,2021-09,2021-09-30,135,"September 30th Slip No. 234 Sunset Co., Ltd.",10B100040,Accounts payable - trade,3639444,O,Exempt,0,7,"Sunset Co., Ltd.",,,10A100020,Cash and deposits,3639444,O,Exempt,0,20,Mizuho Main Branch,,
1397,1,2021-09,2021-09-30,136,"September 30th Slip No. 236 Saito Industries Co., Ltd.",10B100040,Accounts payable - trade,1819272,O,Exempt,0,9,"Saito Industries Co., Ltd.",,,10B100030,Notes payable - trade,1819272,O,Exempt,0,,,,
1398,1,2021-09,2021-09-30,137,"September 30th Slip No. 242 Suzuki Sales Co., Ltd.",10B100040,Accounts payable - trade,3148603,O,Exempt,0,10,"Suzuki Sales Co., Ltd.",,,10B100030,Notes payable - trade,3148603,O,Exempt,0,,,,
1399,1,2021-09,2021-09-30,138,"September 30th Slip No. 243 Arie Co., Ltd.",10B100040,Accounts payable - trade,336571,O,Exempt,0,12,"Arie Co., Ltd.",,,10A100020,Cash and deposits,336571,O,Exempt,0,20,Mizuho Main Branch,,
1400,1,2021-09,2021-09-30,139,"September 30th Slip No. 245 Nakamura Industries Co., Ltd.",10B100040,Accounts payable - trade,1317476,O,Exempt,0,13,"Nakamura Industries Co., Ltd.",,,10A100020,Cash and deposits,1317476,O,Exempt,0,20,Mizuho Main Branch,,
1401,1,2021-09,2021-09-30,140,September 30th Slip No. 247 West LLC,10B100040,Accounts payable - trade,2953512,O,Exempt,0,14,West LLC,,,10A100020,Cash and deposits,2953512,O,Exempt,0,20,Mizuho Main Branch,,
1402,1,2021-09,2021-09-30,141,"September 30th Slip No. 248 Hanamaru Trading Co., Ltd.",10B100040,Accounts payable - trade,1178376,O,Exempt,0,15,"Hanamaru Trading Co., Ltd.",,,10A100020,Cash and deposits,1178376,O,Exempt,0,20,Mizuho Main Branch,,
1403,1,2021-09,2021-09-30,142,Baggivable Kameada department store,10A100020,Cash and deposits,6024279,O,Exempt,0,1,Mizuho Bank,,,10A100060,Notes receivable - trade,6024279,O,Exempt,0,,,,
1404,1,2021-09,2021-09-30,143,Date of bill dates Koto Maru,10B100030,Notes payable - trade,3766486,O,Exempt,0,,,,,10A100020,Cash and deposits,3766486,O,Exempt,0,1,Mizuho Bank,,
1404,2,2021-09,2021-09-30,143,Date of bill dates Saito Sangyo,10B100030,Notes payable - trade,1784949,O,Exempt,0,,,,,10A100020,Cash and deposits,1784949,O,Exempt,0,1,Mizuho Bank,,
1404,3,2021-09,2021-09-30,143,Salugary date of falling day Suzuki Sales,10B100030,Notes payable - trade,3086761,O,Exempt,0,,,,,10A100020,Cash and deposits,3086761,O,Exempt,0,1,Mizuho Bank,,
1405,1,2021-09,2021-09-30,145,Freight,10E200870,Freight costs,139140,S10,Standard 10%,12649,,,,,10B100630,Accounts payable - other,139140,O,Exempt,0,,,,
1406,1,2021-09,2021-09-30,148,Loan Repayment,10A100020,Cash and deposits,40000,O,Exempt,0,20,Mizuho Main Branch,,,10A100610,Short-term loans receivable,40000,O,Exempt,0,,,,
1407,1,2021-09,2021-09-30,149,Regular Savings Deposit,10A100020,Cash and deposits,500000,O,Exempt,0,,,,,10A100020,Cash and deposits,625000,O,Exempt,0,20,Mizuho Main Branch,,
1407,2,2021-09,2021-09-30,149,Insurance Reserve Fund,10A230570,Insurance funds,125000,O,Exempt,0,,,,,,,0,,,0,,,,
1408,1,2021-09,2021-09-30,150,Loan Repayment,10B100790,Short-term borrowings,653500,O,Exempt,0,,,,,10A100020,Cash and deposits,686175,O,Exempt,0,1,Mizuho Bank,,
1408,2,2021-09,2021-09-30,150,Interest,10E300020,Interest expenses,32675,X,Non-Purchase,0,,,,,,,0,,,0,,,,
1409,1,2021-09,2021-09-30,156,Business Trip Expense,10E201230,Travel and transportation expenses,13500,S10,Standard 10%,1227,,,,,10A100020,Cash and deposits,13500,O,Exempt,0,,,,
1410,1,2021-09,2021-09-30,158,Business Trip Expense,10E201230,Travel and transportation expenses,6900,S10,Standard 10%,627,,,,,10A100020,Cash and deposits,6900,O,Exempt,0,,,,
