Settlement_ID,Settlement_Document_ID,Settlement_Document_Number,Ledger_Type,Partner_Type,Partner_Code,Settlement_Date,Settlement_Class,Amount,Currency,Bank_Account_Code,Bank_Name,Branch_Name,Journal_Transaction_ID,Journal_Line_ID,Status
ST-000001,DOC-20210415-0001,,AR,C,1,2021-04-15,cash,3267499,JPY,20,Mizuho Bank,Mizuho Head Office,80,1,COMPLETED
ST-000002,DOC-20210415-0002,,AR,C,1,2021-04-15,fee,1985,JPY,20,Mizuho Bank,Mizuho Head Office,80,2,COMPLETED
ST-000003,DOC-20210515-0003,,AR,C,1,2021-05-15,cash,4442938,JPY,20,Mizuho Bank,Mizuho Head Office,322,1,COMPLETED
ST-000004,DOC-20210515-0004,,AR,C,1,2021-05-15,fee,1985,JPY,20,Mizuho Bank,Mizuho Head Office,322,2,COMPLETED
ST-000005,DOC-20210531-0064,,AR,C,1,2021-05-31,discount,58972,JPY,,,,456,6,COMPLETED
ST-000006,DOC-20210425-0001,,AR,C,2,2021-04-25,note,13483517,JPY,,,,168,1,COMPLETED
ST-000007,DOC-20210525-0001,,AR,C,2,2021-05-25,note,9248822,JPY,,,,399,1,COMPLETED
ST-000008,DOC-20210531-0056,,AR,C,2,2021-05-31,discount,17519,JPY,,,,453,11,COMPLETED
ST-000009,DOC-20210430-0079,,AR,C,3,2021-04-30,cash,1585979,JPY,20,Mizuho Bank,Mizuho Head Office,3000,1,COMPLETED
ST-000010,DOC-20210531-0088,,AR,C,3,2021-05-31,cash,1585978,JPY,20,Mizuho Bank,Mizuho Head Office,3001,1,COMPLETED
ST-000011,DOC-20210430-0058,,AR,C,4,2021-04-30,cash,2226774,JPY,20,Mizuho Bank,Mizuho Head Office,224,1,COMPLETED
ST-000012,DOC-20210430-0059,,AR,C,4,2021-04-30,fee,651,JPY,20,Mizuho Bank,Mizuho Head Office,224,2,COMPLETED
ST-000013,DOC-20210531-0065,,AR,C,4,2021-05-31,cash,975963,JPY,20,Mizuho Bank,Mizuho Head Office,457,1,COMPLETED
ST-000014,DOC-20210531-0066,,AR,C,4,2021-05-31,fee,651,JPY,20,Mizuho Bank,Mizuho Head Office,457,2,COMPLETED
ST-000015,DOC-20210430-0060,,AR,C,5,2021-04-30,cash,2999742,JPY,20,Mizuho Bank,Mizuho Head Office,225,1,COMPLETED
ST-000016,DOC-20210430-0061,,AR,C,5,2021-04-30,fee,628,JPY,20,Mizuho Bank,Mizuho Head Office,225,2,COMPLETED
ST-000017,DOC-20210531-0054,,AR,C,5,2021-05-31,discount,30487,JPY,,,,452,5,COMPLETED
ST-000018,DOC-20210531-0067,,AR,C,5,2021-05-31,cash,1204807,JPY,20,Mizuho Bank,Mizuho Head Office,458,1,COMPLETED
ST-000019,DOC-20210531-0068,,AR,C,5,2021-05-31,fee,628,JPY,20,Mizuho Bank,Mizuho Head Office,458,2,COMPLETED
ST-000020,DOC-20210415-0003,,AR,C,6,2021-04-15,cash,1020783,JPY,20,Mizuho Bank,Mizuho Head Office,81,1,COMPLETED
ST-000021,DOC-20210415-0004,,AR,C,6,2021-04-15,fee,675,JPY,20,Mizuho Bank,Mizuho Head Office,81,2,COMPLETED
ST-000022,DOC-20210430-0056,,AR,C,6,2021-04-30,discount,27339,JPY,,,,221,7,COMPLETED
ST-000023,DOC-20210515-0005,,AR,C,6,2021-05-15,cash,1803863,JPY,20,Mizuho Bank,Mizuho Head Office,323,1,COMPLETED
ST-000024,DOC-20210515-0006,,AR,C,6,2021-05-15,fee,675,JPY,20,Mizuho Bank,Mizuho Head Office,323,2,COMPLETED
ST-000025,DOC-20210425-0002,,AR,C,7,2021-04-25,cash,1534105,JPY,20,Mizuho Bank,Mizuho Head Office,169,1,COMPLETED
ST-000026,DOC-20210425-0003,,AR,C,7,2021-04-25,fee,516,JPY,20,Mizuho Bank,Mizuho Head Office,169,2,COMPLETED
ST-000027,DOC-20210525-0002,,AR,C,7,2021-05-25,cash,917979,JPY,20,Mizuho Bank,Mizuho Head Office,400,2,COMPLETED
ST-000028,DOC-20210525-0003,,AR,C,7,2021-05-25,fee,516,JPY,20,Mizuho Bank,Mizuho Head Office,400,3,COMPLETED
ST-000029,DOC-20210531-0059,,AR,C,7,2021-05-31,discount,52097,JPY,,,,454,7,COMPLETED
ST-000030,DOC-20210415-0005,,AR,C,9,2021-04-15,cash,2584696,JPY,20,Mizuho Bank,Mizuho Head Office,82,1,COMPLETED
ST-000031,DOC-20210415-0006,,AR,C,9,2021-04-15,fee,642,JPY,20,Mizuho Bank,Mizuho Head Office,82,2,COMPLETED
ST-000032,DOC-20210515-0007,,AR,C,9,2021-05-15,cash,964992,JPY,20,Mizuho Bank,Mizuho Head Office,325,1,COMPLETED
ST-000033,DOC-20210515-0008,,AR,C,9,2021-05-15,fee,642,JPY,20,Mizuho Bank,Mizuho Head Office,325,2,COMPLETED
ST-000034,DOC-20210531-0072,,AR,C,10,2021-05-31,cash,79746,JPY,20,Mizuho Bank,Mizuho Head Office,462,1,COMPLETED
ST-000035,DOC-20210520-0001,,AR,C,11,2021-05-20,cash,7692848,JPY,20,Mizuho Bank,Mizuho Head Office,352,1,COMPLETED
ST-000036,DOC-20210531-0057,,AR,C,11,2021-05-31,discount,457392,JPY,,,,453,12,COMPLETED
ST-000037,DOC-20210430-0055,,AR,C,12,2021-04-30,discount,30547,JPY,,,,220,10,COMPLETED
ST-000038,DOC-20210430-0062,,AR,C,12,2021-04-30,note,9017603,JPY,,,,226,1,COMPLETED
ST-000039,DOC-20210531-0058,,AR,C,12,2021-05-31,discount,46053,JPY,,,,453,13,COMPLETED
ST-000040,DOC-20210531-0069,,AR,C,12,2021-05-31,note,9013134,JPY,,,,459,1,COMPLETED
ST-000041,DOC-20210415-0007,,AR,C,13,2021-04-15,cash,2114596,JPY,20,Mizuho Bank,Mizuho Head Office,83,1,COMPLETED
ST-000042,DOC-20210430-0054,,AR,C,13,2021-04-30,discount,53041,JPY,,,,220,8,COMPLETED
ST-000043,DOC-20210515-0009,,AR,C,13,2021-05-15,cash,1416402,JPY,20,Mizuho Bank,Mizuho Head Office,326,1,COMPLETED
ST-000044,DOC-20210410-0004,,AR,C,14,2021-04-10,cash,13888575,JPY,20,Mizuho Bank,Mizuho Head Office,55,1,COMPLETED
ST-000045,DOC-20210410-0005,,AR,C,14,2021-04-10,fee,633,JPY,20,Mizuho Bank,Mizuho Head Office,55,2,COMPLETED
ST-000046,DOC-20210510-0004,,AR,C,14,2021-05-10,cash,10891695,JPY,20,Mizuho Bank,Mizuho Head Office,287,1,COMPLETED
ST-000047,DOC-20210510-0005,,AR,C,14,2021-05-10,fee,633,JPY,20,Mizuho Bank,Mizuho Head Office,287,2,COMPLETED
ST-000048,DOC-20210531-0060,,AR,C,14,2021-05-31,discount,23708,JPY,,,,455,9,COMPLETED
ST-000049,DOC-20210531-0063,,AR,C,14,2021-05-31,discount,26544,JPY,,,,456,5,COMPLETED
ST-000050,DOC-20210410-0001,,AR,C,19,2021-04-10,cash,1080093,JPY,20,Mizuho Bank,Mizuho Head Office,52,1,COMPLETED
ST-000051,DOC-20210410-0002,,AR,C,19,2021-04-10,fee,556,JPY,20,Mizuho Bank,Mizuho Head Office,52,2,COMPLETED
ST-000052,DOC-20210510-0001,,AR,C,19,2021-05-10,cash,1420826,JPY,20,Mizuho Bank,Mizuho Head Office,284,1,COMPLETED
ST-000053,DOC-20210510-0002,,AR,C,19,2021-05-10,fee,556,JPY,20,Mizuho Bank,Mizuho Head Office,284,2,COMPLETED
ST-000054,DOC-20210415-0008,,AR,C,20,2021-04-15,cash,1770912,JPY,20,Mizuho Bank,Mizuho Head Office,84,1,COMPLETED
ST-000055,DOC-20210415-0009,,AR,C,20,2021-04-15,fee,492,JPY,20,Mizuho Bank,Mizuho Head Office,84,2,COMPLETED
ST-000056,DOC-20210515-0001,,AR,C,20,2021-05-15,cash,1237604,JPY,20,Mizuho Bank,Mizuho Head Office,321,1,COMPLETED
ST-000057,DOC-20210515-0002,,AR,C,20,2021-05-15,fee,246,JPY,20,Mizuho Bank,Mizuho Head Office,321,2,COMPLETED
ST-000058,DOC-20210531-0061,,AR,C,20,2021-05-31,discount,16860,JPY,,,,455,10,COMPLETED
ST-000059,DOC-20210520-0002,,AR,C,21,2021-05-20,cash,3431500,JPY,20,Mizuho Bank,Mizuho Head Office,353,1,COMPLETED
ST-000060,DOC-20210520-0003,,AR,C,21,2021-05-20,fee,3910,JPY,20,Mizuho Bank,Mizuho Head Office,353,2,COMPLETED
ST-000061,DOC-20210405-0001,,AR,C,22,2021-04-05,cash,2380294,JPY,20,Mizuho Bank,Mizuho Head Office,13,1,COMPLETED
ST-000062,DOC-20210405-0002,,AR,C,22,2021-04-05,fee,507,JPY,20,Mizuho Bank,Mizuho Head Office,13,2,COMPLETED
ST-000063,DOC-20210505-0001,,AR,C,22,2021-05-05,cash,879279,JPY,20,Mizuho Bank,Mizuho Head Office,256,1,COMPLETED
ST-000064,DOC-20210505-0002,,AR,C,22,2021-05-05,fee,380,JPY,20,Mizuho Bank,Mizuho Head Office,256,2,COMPLETED
ST-000065,DOC-20210531-0070,,AR,C,24,2021-05-31,cash,45710,JPY,20,Mizuho Bank,Mizuho Head Office,460,1,COMPLETED
ST-000066,DOC-20210531-0071,,AR,C,24,2021-05-31,fee,64,JPY,20,Mizuho Bank,Mizuho Head Office,460,2,COMPLETED
ST-000067,DOC-20210425-0004,,AR,C,25,2021-04-25,cash,4660833,JPY,20,Mizuho Bank,Mizuho Head Office,170,1,COMPLETED
ST-000068,DOC-20210425-0005,,AR,C,25,2021-04-25,fee,590,JPY,20,Mizuho Bank,Mizuho Head Office,170,2,COMPLETED
ST-000069,DOC-20210525-0004,,AR,C,25,2021-05-25,cash,2701441,JPY,20,Mizuho Bank,Mizuho Head Office,402,1,COMPLETED
ST-000070,DOC-20210525-0005,,AR,C,25,2021-05-25,fee,590,JPY,20,Mizuho Bank,Mizuho Head Office,402,2,COMPLETED
ST-000071,DOC-20210531-0053,,AR,C,25,2021-05-31,discount,71597,JPY,,,,452,4,COMPLETED
ST-000072,DOC-20210405-0003,,AR,C,26,2021-04-05,cash,1206280,JPY,20,Mizuho Bank,Mizuho Head Office,14,1,COMPLETED
ST-000073,DOC-20210405-0004,,AR,C,26,2021-04-05,fee,377,JPY,20,Mizuho Bank,Mizuho Head Office,14,2,COMPLETED
ST-000074,DOC-20210505-0003,,AR,C,26,2021-05-05,cash,2111325,JPY,20,Mizuho Bank,Mizuho Head Office,257,1,COMPLETED
ST-000075,DOC-20210505-0004,,AR,C,26,2021-05-05,fee,504,JPY,20,Mizuho Bank,Mizuho Head Office,257,2,COMPLETED
ST-000076,DOC-20210531-0055,,AR,C,26,2021-05-31,discount,26104,JPY,,,,453,10,COMPLETED
ST-000077,DOC-20210405-0005,,AR,C,27,2021-04-05,cash,1419759,JPY,20,Mizuho Bank,Mizuho Head Office,15,1,COMPLETED
ST-000078,DOC-20210405-0006,,AR,C,27,2021-04-05,fee,481,JPY,20,Mizuho Bank,Mizuho Head Office,15,2,COMPLETED
ST-000079,DOC-20210505-0005,,AR,C,27,2021-05-05,cash,888509,JPY,20,Mizuho Bank,Mizuho Head Office,258,1,COMPLETED
ST-000080,DOC-20210410-0003,,AR,C,28,2021-04-10,note,6441963,JPY,,,,53,1,COMPLETED
ST-000081,DOC-20210430-0057,,AR,C,28,2021-04-30,discount,20058,JPY,,,,222,9,COMPLETED
ST-000082,DOC-20210510-0003,,AR,C,28,2021-05-10,note,6856797,JPY,,,,285,1,COMPLETED
ST-000083,DOC-20210531-0062,,AR,C,28,2021-05-31,discount,14749,JPY,,,,455,11,COMPLETED
ST-000084,DOC-20210420-0001,,AR,C,30,2021-04-20,cash,2497755,JPY,20,Mizuho Bank,Mizuho Head Office,120,1,COMPLETED
ST-000085,DOC-20210420-0002,,AR,C,30,2021-04-20,fee,575,JPY,20,Mizuho Bank,Mizuho Head Office,120,2,COMPLETED
ST-000086,DOC-20210520-0004,,AR,C,30,2021-05-20,cash,2012328,JPY,20,Mizuho Bank,Mizuho Head Office,354,1,COMPLETED
ST-000087,DOC-20210520-0005,,AR,C,30,2021-05-20,fee,575,JPY,20,Mizuho Bank,Mizuho Head Office,354,2,COMPLETED
ST-000088,DOC-20210415-0010,,AP,S,1,2021-04-15,cash,3557473,JPY,20,Mizuho Bank,Mizuho Head Office,85,1,COMPLETED
ST-000089,DOC-20210430-0063,,AP,S,1,2021-04-30,discount,73207,JPY,,,,228,8,COMPLETED
ST-000090,DOC-20210515-0010,,AP,S,1,2021-05-15,cash,4297106,JPY,20,Mizuho Bank,Mizuho Head Office,327,1,COMPLETED
ST-000091,DOC-20210430-0075,,AP,S,2,2021-04-30,cash,1829520,JPY,20,Mizuho Bank,Mizuho Head Office,237,1,COMPLETED
ST-000092,DOC-20210531-0079,,AP,S,2,2021-05-31,cash,1115850,JPY,20,Mizuho Bank,Mizuho Head Office,468,1,COMPLETED
ST-000093,DOC-20210410-0006,,AP,S,3,2021-04-10,note,10297986,JPY,,,,56,1,COMPLETED
ST-000094,DOC-20210430-0064,,AP,S,3,2021-04-30,discount,30289,JPY,,,,228,10,COMPLETED
ST-000095,DOC-20210510-0006,,AP,S,3,2021-05-10,note,1928189,JPY,,,,288,1,COMPLETED
ST-000096,DOC-20210531-0074,,AP,S,3,2021-05-31,discount,113407,JPY,,,,464,10,COMPLETED
ST-000097,DOC-20210420-0003,,AP,S,4,2021-04-20,cash,1416910,JPY,20,Mizuho Bank,Mizuho Head Office,121,1,COMPLETED
ST-000098,DOC-20210520-0006,,AP,S,4,2021-05-20,cash,905555,JPY,20,Mizuho Bank,Mizuho Head Office,355,1,COMPLETED
ST-000099,DOC-20210430-0069,,AP,S,5,2021-04-30,discount,21674,JPY,,,,230,9,COMPLETED
ST-000100,DOC-20210430-0076,,AP,S,5,2021-04-30,note,5237507,JPY,,,,238,1,COMPLETED
ST-000101,DOC-20210531-0078,,AP,S,5,2021-05-31,discount,22176,JPY,,,,466,8,COMPLETED
ST-000102,DOC-20210531-0080,,AP,S,5,2021-05-31,note,3467360,JPY,,,,469,1,COMPLETED
ST-000103,DOC-20210420-0004,,AP,S,6,2021-04-20,cash,3596039,JPY,20,Mizuho Bank,Mizuho Head Office,122,1,COMPLETED
ST-000104,DOC-20210430-0068,,AP,S,6,2021-04-30,discount,22478,JPY,,,,230,8,COMPLETED
ST-000105,DOC-20210520-0007,,AP,S,6,2021-05-20,cash,5204428,JPY,20,Mizuho Bank,Mizuho Head Office,356,1,COMPLETED
ST-000106,DOC-20210430-0077,,AP,S,7,2021-04-30,cash,5522383,JPY,20,Mizuho Bank,Mizuho Head Office,239,1,COMPLETED
ST-000107,DOC-20210531-0076,,AP,S,7,2021-05-31,discount,17337,JPY,,,,465,5,COMPLETED
ST-000108,DOC-20210531-0081,,AP,S,7,2021-05-31,cash,3387545,JPY,20,Mizuho Bank,Mizuho Head Office,470,1,COMPLETED
ST-000109,DOC-20210410-0007,,AP,S,8,2021-04-10,cash,402696,JPY,20,Mizuho Bank,Mizuho Head Office,57,1,COMPLETED
ST-000110,DOC-20210510-0007,,AP,S,8,2021-05-10,cash,634838,JPY,20,Mizuho Bank,Mizuho Head Office,289,1,COMPLETED
ST-000111,DOC-20210430-0066,,AP,S,9,2021-04-30,discount,11793,JPY,,,,229,7,COMPLETED
ST-000112,DOC-20210430-0078,,AP,S,9,2021-04-30,note,2599235,JPY,,,,240,1,COMPLETED
ST-000113,DOC-20210531-0075,,AP,S,9,2021-05-31,discount,12903,JPY,,,,465,4,COMPLETED
ST-000114,DOC-20210531-0082,,AP,S,9,2021-05-31,note,1744898,JPY,,,,471,1,COMPLETED
ST-000115,DOC-20210430-0067,,AP,S,10,2021-04-30,discount,34587,JPY,,,,230,3,COMPLETED
ST-000116,DOC-20210430-0070,,AP,S,10,2021-04-30,note,4640751,JPY,,,,232,1,COMPLETED
ST-000117,DOC-20210531-0077,,AP,S,10,2021-05-31,discount,56044,JPY,,,,466,6,COMPLETED
ST-000118,DOC-20210531-0083,,AP,S,10,2021-05-31,cash,2926580,JPY,20,Mizuho Bank,Mizuho Head Office,472,1,COMPLETED
ST-000119,DOC-20210420-0005,,AP,S,11,2021-04-20,note,6181724,JPY,,,,123,1,COMPLETED
ST-000120,DOC-20210520-0008,,AP,S,11,2021-05-20,cash,4109548,JPY,20,Mizuho Bank,Mizuho Head Office,357,1,COMPLETED
ST-000121,DOC-20210531-0073,,AP,S,11,2021-05-31,discount,42386,JPY,,,,464,3,COMPLETED
ST-000122,DOC-20210430-0071,,AP,S,12,2021-04-30,cash,497372,JPY,20,Mizuho Bank,Mizuho Head Office,233,1,COMPLETED
ST-000123,DOC-20210531-0084,,AP,S,12,2021-05-31,cash,322812,JPY,20,Mizuho Bank,Mizuho Head Office,473,1,COMPLETED
ST-000124,DOC-20210430-0072,,AP,S,13,2021-04-30,cash,1370598,JPY,20,Mizuho Bank,Mizuho Head Office,234,1,COMPLETED
ST-000125,DOC-20210531-0085,,AP,S,13,2021-05-31,cash,1985810,JPY,20,Mizuho Bank,Mizuho Head Office,474,1,COMPLETED
ST-000126,DOC-20210430-0073,,AP,S,14,2021-04-30,cash,4036321,JPY,20,Mizuho Bank,Mizuho Head Office,235,1,COMPLETED
ST-000127,DOC-20210531-0086,,AP,S,14,2021-05-31,cash,2584863,JPY,20,Mizuho Bank,Mizuho Head Office,475,1,COMPLETED
ST-000128,DOC-20210430-0065,,AP,S,15,2021-04-30,discount,16968,JPY,,,,229,5,COMPLETED
ST-000129,DOC-20210430-0074,,AP,S,15,2021-04-30,cash,1710087,JPY,20,Mizuho Bank,Mizuho Head Office,236,1,COMPLETED
ST-000130,DOC-20210531-0087,,AP,S,15,2021-05-31,cash,1130334,JPY,20,Mizuho Bank,Mizuho Head Office,476,1,COMPLETED
ST-000131,DOC-20210615-0001,,AR,C,1,2021-06-15,cash,1476232,JPY,20,Mizuho Bank,Mizuho Head Office,555,1,COMPLETED
ST-000132,DOC-20210625-0001,,AR,C,2,2021-06-25,note,13321782,JPY,,,,635,1,COMPLETED
ST-000133,DOC-20210630-0071,,AR,C,3,2021-06-30,cash,736072,JPY,20,Mizuho Bank,Mizuho Head Office,3002,1,COMPLETED
ST-000134,DOC-20210630-0057,,AR,C,4,2021-06-30,discount,1200768,JPY,,,,685,9,COMPLETED
ST-000135,DOC-20210630-0058,,AR,C,5,2021-06-30,cash,1536384,JPY,20,Mizuho Bank,Mizuho Head Office,688,1,COMPLETED
ST-000136,DOC-20210615-0002,,AR,C,6,2021-06-15,cash,1054408,JPY,20,Mizuho Bank,Mizuho Head Office,556,1,COMPLETED
ST-000137,DOC-20210625-0002,,AR,C,7,2021-06-25,cash,1246560,JPY,20,Mizuho Bank,Mizuho Head Office,636,1,COMPLETED
ST-000138,DOC-20210615-0003,,AR,C,8,2021-06-15,cash,942912,JPY,20,Mizuho Bank,Mizuho Head Office,557,1,COMPLETED
ST-000139,DOC-20210615-0004,,AR,C,9,2021-06-15,cash,1202528,JPY,20,Mizuho Bank,Mizuho Head Office,558,1,COMPLETED
ST-000140,DOC-20210630-0061,,AR,C,10,2021-06-30,cash,359744,JPY,20,Mizuho Bank,Mizuho Head Office,692,1,COMPLETED
ST-000141,DOC-20210620-0001,,AR,C,11,2021-06-20,cash,620476,JPY,20,Mizuho Bank,Mizuho Head Office,593,1,COMPLETED
ST-000142,DOC-20210630-0055,,AR,C,12,2021-06-30,discount,10846514,JPY,,,,683,11,COMPLETED
ST-000143,DOC-20210615-0005,,AR,C,13,2021-06-15,cash,1671612,JPY,20,Mizuho Bank,Mizuho Head Office,559,1,COMPLETED
ST-000144,DOC-20210610-0003,,AR,C,14,2021-06-10,cash,1418200,JPY,20,Mizuho Bank,Mizuho Head Office,532,1,COMPLETED
ST-000145,DOC-20210610-0004,,AR,C,14,2021-06-10,fee,2064894,JPY,20,Mizuho Bank,Mizuho Head Office,532,2,COMPLETED
ST-000146,DOC-20210630-0054,,AR,C,14,2021-06-30,discount,1260302,JPY,,,,682,4,COMPLETED
ST-000147,DOC-20210630-0056,,AR,C,14,2021-06-30,discount,1526316,JPY,,,,684,7,COMPLETED
ST-000148,DOC-20210630-0072,,AR,C,14,2021-06-30,cash,1081720,JPY,20,Mizuho Bank,Mizuho Head Office,3003,1,COMPLETED
ST-000149,DOC-20210610-0001,,AR,C,19,2021-06-10,cash,818910,JPY,20,Mizuho Bank,Mizuho Head Office,529,1,COMPLETED
ST-000150,DOC-20210615-0006,,AR,C,20,2021-06-15,cash,1136086,JPY,20,Mizuho Bank,Mizuho Head Office,560,1,COMPLETED
ST-000151,DOC-20210620-0002,,AR,C,21,2021-06-20,cash,845757,JPY,20,Mizuho Bank,Mizuho Head Office,594,1,COMPLETED
ST-000152,DOC-20210605-0001,,AR,C,22,2021-06-05,cash,1041464,JPY,20,Mizuho Bank,Mizuho Head Office,497,1,COMPLETED
ST-000153,DOC-20210625-0003,,AR,C,23,2021-06-25,cash,694821,JPY,20,Mizuho Bank,Mizuho Head Office,637,1,COMPLETED
ST-000154,DOC-20210630-0059,,AR,C,24,2021-06-30,cash,430032,JPY,20,Mizuho Bank,Mizuho Head Office,690,2,COMPLETED
ST-000155,DOC-20210625-0004,,AR,C,25,2021-06-25,cash,3664410,JPY,20,Mizuho Bank,Mizuho Head Office,638,1,COMPLETED
ST-000156,DOC-20210605-0002,,AR,C,26,2021-06-05,cash,976504,JPY,20,Mizuho Bank,Mizuho Head Office,498,1,COMPLETED
ST-000157,DOC-20210605-0003,,AR,C,27,2021-06-05,cash,883909,JPY,20,Mizuho Bank,Mizuho Head Office,499,1,COMPLETED
ST-000158,DOC-20210610-0002,,AR,C,28,2021-06-10,note,4716787,JPY,,,,530,1,COMPLETED
ST-000159,DOC-20210630-0060,,AR,C,29,2021-06-30,cash,456660,JPY,20,Mizuho Bank,Mizuho Head Office,691,1,COMPLETED
ST-000160,DOC-20210620-0003,,AR,C,30,2021-06-20,cash,1104852,JPY,20,Mizuho Bank,Mizuho Head Office,595,1,COMPLETED
ST-000161,DOC-20210615-0007,,AP,S,1,2021-06-15,cash,6031869,JPY,20,Mizuho Bank,Mizuho Head Office,561,1,COMPLETED
ST-000162,DOC-20210630-0066,,AP,S,2,2021-06-30,cash,185975,JPY,20,Mizuho Bank,Mizuho Head Office,698,1,COMPLETED
ST-000163,DOC-20210630-0073,,AP,S,2,2021-06-30,cash,409145,JPY,20,Mizuho Bank,Mizuho Head Office,3004,1,COMPLETED
ST-000164,DOC-20210630-0074,,AP,S,2,2021-06-30,cash,152913,JPY,20,Mizuho Bank,Mizuho Head Office,3005,1,COMPLETED
ST-000165,DOC-20210630-0075,,AP,S,2,2021-06-30,cash,293427,JPY,20,Mizuho Bank,Mizuho Head Office,3006,1,COMPLETED
ST-000166,DOC-20210630-0076,,AP,S,2,2021-06-30,cash,74390,JPY,20,Mizuho Bank,Mizuho Head Office,3007,1,COMPLETED
ST-000167,DOC-20210610-0005,,AP,S,3,2021-06-10,note,2915080,JPY,,,,533,1,COMPLETED
ST-000168,DOC-20210620-0004,,AP,S,4,2021-06-20,cash,905555,JPY,20,Mizuho Bank,Mizuho Head Office,596,1,COMPLETED
ST-000169,DOC-20210630-0065,,AP,S,5,2021-06-30,discount,3445686,JPY,,,,696,8,COMPLETED
ST-000170,DOC-20210620-0005,,AP,S,6,2021-06-20,cash,3320176,JPY,20,Mizuho Bank,Mizuho Head Office,597,1,COMPLETED
ST-000171,DOC-20210630-0063,,AP,S,7,2021-06-30,discount,3387545,JPY,,,,695,6,COMPLETED
ST-000172,DOC-20210610-0006,,AP,S,8,2021-06-10,cash,23688,JPY,20,Mizuho Bank,Mizuho Head Office,534,1,COMPLETED
ST-000173,DOC-20210630-0077,,AP,S,8,2021-06-30,cash,189504,JPY,20,Mizuho Bank,Mizuho Head Office,3008,1,COMPLETED
ST-000174,DOC-20210630-0078,,AP,S,8,2021-06-30,cash,42638,JPY,20,Mizuho Bank,Mizuho Head Office,3009,1,COMPLETED
ST-000175,DOC-20210630-0079,,AP,S,8,2021-06-30,cash,71064,JPY,20,Mizuho Bank,Mizuho Head Office,3010,1,COMPLETED
ST-000176,DOC-20210630-0080,,AP,S,8,2021-06-30,cash,23688,JPY,20,Mizuho Bank,Mizuho Head Office,3011,1,COMPLETED
ST-000177,DOC-20210630-0067,,AP,S,9,2021-06-30,note,1733105,JPY,,,,701,1,COMPLETED
ST-000178,DOC-20210630-0064,,AP,S,10,2021-06-30,discount,2891993,JPY,,,,696,6,COMPLETED
ST-000179,DOC-20210620-0006,,AP,S,11,2021-06-20,cash,4109548,JPY,20,Mizuho Bank,Mizuho Head Office,598,1,COMPLETED
ST-000180,DOC-20210630-0068,,AP,S,12,2021-06-30,cash,322812,JPY,20,Mizuho Bank,Mizuho Head Office,703,1,COMPLETED
ST-000181,DOC-20210630-0062,,AP,S,13,2021-06-30,discount,1263652,JPY,,,,694,6,COMPLETED
ST-000182,DOC-20210630-0069,,AP,S,14,2021-06-30,cash,2584863,JPY,20,Mizuho Bank,Mizuho Head Office,705,1,COMPLETED
ST-000183,DOC-20210630-0070,,AP,S,15,2021-06-30,cash,1113366,JPY,20,Mizuho Bank,Mizuho Head Office,706,1,COMPLETED
ST-000184,DOC-20210715-0001,,AR,C,1,2021-07-15,cash,1642082,JPY,20,Mizuho Bank,Mizuho Head Office,782,1,COMPLETED
ST-000185,DOC-20210725-0001,,AR,C,2,2021-07-25,note,15044472,JPY,,,,866,2,COMPLETED
ST-000186,DOC-20210731-0070,,AR,C,3,2021-07-31,cash,733365,JPY,20,Mizuho Bank,Mizuho Head Office,3012,1,COMPLETED
ST-000187,DOC-20210731-0057,,AR,C,4,2021-07-31,discount,1274640,JPY,,,,919,9,COMPLETED
ST-000188,DOC-20210731-0054,,AR,C,5,2021-07-31,discount,1245400,JPY,,,,916,4,COMPLETED
ST-000189,DOC-20210715-0002,,AR,C,6,2021-07-15,cash,713868,JPY,20,Mizuho Bank,Mizuho Head Office,783,1,COMPLETED
ST-000190,DOC-20210725-0002,,AR,C,7,2021-07-25,cash,1216464,JPY,20,Mizuho Bank,Mizuho Head Office,867,1,COMPLETED
ST-000191,DOC-20210715-0003,,AR,C,8,2021-07-15,cash,428130,JPY,20,Mizuho Bank,Mizuho Head Office,784,1,COMPLETED
ST-000192,DOC-20210715-0004,,AR,C,9,2021-07-15,cash,806520,JPY,20,Mizuho Bank,Mizuho Head Office,785,1,COMPLETED
ST-000193,DOC-20210731-0060,,AR,C,10,2021-07-31,cash,560672,JPY,20,Mizuho Bank,Mizuho Head Office,926,1,COMPLETED
ST-000194,DOC-20210720-0001,,AR,C,11,2021-07-20,cash,859668,JPY,20,Mizuho Bank,Mizuho Head Office,821,1,COMPLETED
ST-000195,DOC-20210731-0056,,AR,C,12,2021-07-31,discount,8059094,JPY,,,,917,9,COMPLETED
ST-000196,DOC-20210715-0005,,AR,C,13,2021-07-15,cash,883097,JPY,20,Mizuho Bank,Mizuho Head Office,786,1,COMPLETED
ST-000197,DOC-20210710-0003,,AR,C,14,2021-07-10,cash,1329984,JPY,20,Mizuho Bank,Mizuho Head Office,759,1,COMPLETED
ST-000198,DOC-20210710-0004,,AR,C,14,2021-07-10,fee,1587526,JPY,20,Mizuho Bank,Mizuho Head Office,759,2,COMPLETED
ST-000199,DOC-20210731-0055,,AR,C,14,2021-07-31,discount,1192362,JPY,,,,916,5,COMPLETED
ST-000200,DOC-20210731-0071,,AR,C,14,2021-07-31,cash,2209402,JPY,20,Mizuho Bank,Mizuho Head Office,3013,1,COMPLETED
ST-000201,DOC-20210731-0072,,AR,C,14,2021-07-31,cash,991728,JPY,20,Mizuho Bank,Mizuho Head Office,3014,1,COMPLETED
ST-000202,DOC-20210710-0001,,AR,C,19,2021-07-10,cash,1012572,JPY,20,Mizuho Bank,Mizuho Head Office,756,1,COMPLETED
ST-000203,DOC-20210715-0006,,AR,C,20,2021-07-15,cash,871688,JPY,20,Mizuho Bank,Mizuho Head Office,787,1,COMPLETED
ST-000204,DOC-20210720-0002,,AR,C,21,2021-07-20,cash,750780,JPY,20,Mizuho Bank,Mizuho Head Office,822,1,COMPLETED
ST-000205,DOC-20210705-0001,,AR,C,22,2021-07-05,cash,1295648,JPY,20,Mizuho Bank,Mizuho Head Office,729,1,COMPLETED
ST-000206,DOC-20210725-0003,,AR,C,23,2021-07-25,cash,910136,JPY,20,Mizuho Bank,Mizuho Head Office,868,2,COMPLETED
ST-000207,DOC-20210731-0058,,AR,C,24,2021-07-31,cash,730124,JPY,20,Mizuho Bank,Mizuho Head Office,924,1,COMPLETED
ST-000208,DOC-20210725-0004,,AR,C,25,2021-07-25,cash,3964716,JPY,20,Mizuho Bank,Mizuho Head Office,869,1,COMPLETED
ST-000209,DOC-20210705-0002,,AR,C,26,2021-07-05,cash,1163584,JPY,20,Mizuho Bank,Mizuho Head Office,730,1,COMPLETED
ST-000210,DOC-20210705-0003,,AR,C,27,2021-07-05,cash,764268,JPY,20,Mizuho Bank,Mizuho Head Office,731,1,COMPLETED
ST-000211,DOC-20210710-0002,,AR,C,28,2021-07-10,note,6725128,JPY,,,,757,1,COMPLETED
ST-000212,DOC-20210731-0059,,AR,C,29,2021-07-31,cash,843660,JPY,20,Mizuho Bank,Mizuho Head Office,925,1,COMPLETED
ST-000213,DOC-20210720-0003,,AR,C,30,2021-07-20,cash,1379070,JPY,20,Mizuho Bank,Mizuho Head Office,823,1,COMPLETED
ST-000214,DOC-20210715-0007,,AP,S,1,2021-07-15,cash,6139435,JPY,20,Mizuho Bank,Mizuho Head Office,788,1,COMPLETED
ST-000215,DOC-20210731-0062,,AP,S,2,2021-07-31,cash,135474,JPY,20,Mizuho Bank,Mizuho Head Office,932,1,COMPLETED
ST-000216,DOC-20210731-0073,,AP,S,2,2021-07-31,cash,630800,JPY,20,Mizuho Bank,Mizuho Head Office,3015,1,COMPLETED
ST-000217,DOC-20210731-0074,,AP,S,2,2021-07-31,cash,190510,JPY,20,Mizuho Bank,Mizuho Head Office,3016,1,COMPLETED
ST-000218,DOC-20210731-0075,,AP,S,2,2021-07-31,cash,283648,JPY,20,Mizuho Bank,Mizuho Head Office,3017,1,COMPLETED
ST-000219,DOC-20210731-0076,,AP,S,2,2021-07-31,cash,55036,JPY,20,Mizuho Bank,Mizuho Head Office,3018,1,COMPLETED
ST-000220,DOC-20210710-0005,,AP,S,3,2021-07-10,note,3107835,JPY,,,,760,1,COMPLETED
ST-000221,DOC-20210720-0004,,AP,S,4,2021-07-20,cash,926133,JPY,20,Mizuho Bank,Mizuho Head Office,824,1,COMPLETED
ST-000222,DOC-20210731-0063,,AP,S,5,2021-07-31,note,3744310,JPY,,,,933,1,COMPLETED
ST-000223,DOC-20210720-0005,,AP,S,6,2021-07-20,cash,3530262,JPY,20,Mizuho Bank,Mizuho Head Office,825,1,COMPLETED
ST-000224,DOC-20210731-0064,,AP,S,7,2021-07-31,cash,3549759,JPY,20,Mizuho Bank,Mizuho Head Office,934,1,COMPLETED
ST-000225,DOC-20210710-0006,,AP,S,8,2021-07-10,cash,72576,JPY,20,Mizuho Bank,Mizuho Head Office,761,1,COMPLETED
ST-000226,DOC-20210731-0077,,AP,S,8,2021-07-31,cash,140313,JPY,20,Mizuho Bank,Mizuho Head Office,3019,1,COMPLETED
ST-000227,DOC-20210731-0078,,AP,S,8,2021-07-31,cash,169344,JPY,20,Mizuho Bank,Mizuho Head Office,3020,1,COMPLETED
ST-000228,DOC-20210731-0079,,AP,S,8,2021-07-31,cash,24192,JPY,20,Mizuho Bank,Mizuho Head Office,3021,1,COMPLETED
ST-000229,DOC-20210731-0065,,AP,S,9,2021-07-31,note,1772046,JPY,,,,935,1,COMPLETED
ST-000230,DOC-20210731-0066,,AP,S,10,2021-07-31,note,3030717,JPY,,,,936,1,COMPLETED
ST-000231,DOC-20210720-0006,,AP,S,11,2021-07-20,cash,4270793,JPY,20,Mizuho Bank,Mizuho Head Office,826,1,COMPLETED
ST-000232,DOC-20210731-0067,,AP,S,12,2021-07-31,cash,330220,JPY,20,Mizuho Bank,Mizuho Head Office,937,1,COMPLETED
ST-000233,DOC-20210731-0068,,AP,S,13,2021-07-31,cash,1291839,JPY,20,Mizuho Bank,Mizuho Head Office,938,1,COMPLETED
ST-000234,DOC-20210731-0069,,AP,S,14,2021-07-31,cash,2895984,JPY,20,Mizuho Bank,Mizuho Head Office,939,1,COMPLETED
ST-000235,DOC-20210731-0061,,AP,S,15,2021-07-31,discount,1154355,JPY,,,,929,4,COMPLETED
ST-000236,DOC-20210815-0001,,AR,C,1,2021-08-15,cash,1221480,JPY,20,Mizuho Bank,Mizuho Head Office,1015,1,COMPLETED
ST-000237,DOC-20210825-0001,,AR,C,2,2021-08-25,note,14067110,JPY,,,,1096,1,COMPLETED
ST-000238,DOC-20210831-0068,,AR,C,3,2021-08-31,cash,335052,JPY,20,Mizuho Bank,Mizuho Head Office,3022,1,COMPLETED
ST-000239,DOC-20210831-0053,,AR,C,4,2021-08-31,cash,908128,JPY,20,Mizuho Bank,Mizuho Head Office,1152,1,COMPLETED
ST-000240,DOC-20210831-0054,,AR,C,5,2021-08-31,cash,904048,JPY,20,Mizuho Bank,Mizuho Head Office,1153,1,COMPLETED
ST-000241,DOC-20210815-0002,,AR,C,6,2021-08-15,cash,893412,JPY,20,Mizuho Bank,Mizuho Head Office,1016,1,COMPLETED
ST-000242,DOC-20210825-0002,,AR,C,7,2021-08-25,cash,1108544,JPY,20,Mizuho Bank,Mizuho Head Office,1097,1,COMPLETED
ST-000243,DOC-20210815-0003,,AR,C,8,2021-08-15,cash,746892,JPY,20,Mizuho Bank,Mizuho Head Office,1017,1,COMPLETED
ST-000244,DOC-20210815-0004,,AR,C,9,2021-08-15,cash,746304,JPY,20,Mizuho Bank,Mizuho Head Office,1018,1,COMPLETED
ST-000245,DOC-20210831-0058,,AR,C,10,2021-08-31,cash,372176,JPY,20,Mizuho Bank,Mizuho Head Office,1157,1,COMPLETED
ST-000246,DOC-20210820-0001,,AR,C,11,2021-08-20,cash,603296,JPY,20,Mizuho Bank,Mizuho Head Office,1051,1,COMPLETED
ST-000247,DOC-20210831-0055,,AR,C,12,2021-08-31,note,10195015,JPY,,,,1154,1,COMPLETED
ST-000248,DOC-20210815-0005,,AR,C,13,2021-08-15,cash,1101380,JPY,20,Mizuho Bank,Mizuho Head Office,1019,1,COMPLETED
ST-000249,DOC-20210810-0003,,AR,C,14,2021-08-10,cash,1536704,JPY,20,Mizuho Bank,Mizuho Head Office,990,1,COMPLETED
ST-000250,DOC-20210810-0004,,AR,C,14,2021-08-10,fee,1903676,JPY,20,Mizuho Bank,Mizuho Head Office,990,2,COMPLETED
ST-000251,DOC-20210831-0069,,AR,C,14,2021-08-31,cash,1472424,JPY,20,Mizuho Bank,Mizuho Head Office,3023,1,COMPLETED
ST-000252,DOC-20210831-0070,,AR,C,14,2021-08-31,cash,2319041,JPY,20,Mizuho Bank,Mizuho Head Office,3024,1,COMPLETED
ST-000253,DOC-20210831-0071,,AR,C,14,2021-08-31,cash,1335240,JPY,20,Mizuho Bank,Mizuho Head Office,3025,1,COMPLETED
ST-000254,DOC-20210810-0001,,AR,C,19,2021-08-10,cash,804060,JPY,20,Mizuho Bank,Mizuho Head Office,987,1,COMPLETED
ST-000255,DOC-20210815-0006,,AR,C,20,2021-08-15,cash,1016210,JPY,20,Mizuho Bank,Mizuho Head Office,1020,1,COMPLETED
ST-000256,DOC-20210820-0002,,AR,C,21,2021-08-20,cash,504450,JPY,20,Mizuho Bank,Mizuho Head Office,1052,2,COMPLETED
ST-000257,DOC-20210805-0001,,AR,C,22,2021-08-05,cash,915480,JPY,20,Mizuho Bank,Mizuho Head Office,961,1,COMPLETED
ST-000258,DOC-20210825-0003,,AR,C,23,2021-08-25,cash,859929,JPY,20,Mizuho Bank,Mizuho Head Office,1098,1,COMPLETED
ST-000259,DOC-20210831-0056,,AR,C,24,2021-08-31,cash,602808,JPY,20,Mizuho Bank,Mizuho Head Office,1155,1,COMPLETED
ST-000260,DOC-20210825-0004,,AR,C,25,2021-08-25,cash,2998818,JPY,20,Mizuho Bank,Mizuho Head Office,1099,1,COMPLETED
ST-000261,DOC-20210805-0002,,AR,C,26,2021-08-05,cash,763160,JPY,20,Mizuho Bank,Mizuho Head Office,962,1,COMPLETED
ST-000262,DOC-20210805-0003,,AR,C,27,2021-08-05,cash,799276,JPY,20,Mizuho Bank,Mizuho Head Office,963,1,COMPLETED
ST-000263,DOC-20210810-0002,,AR,C,28,2021-08-10,note,5645572,JPY,,,,988,1,COMPLETED
ST-000264,DOC-20210831-0057,,AR,C,29,2021-08-31,cash,404352,JPY,20,Mizuho Bank,Mizuho Head Office,1156,1,COMPLETED
ST-000265,DOC-20210820-0003,,AR,C,30,2021-08-20,cash,1019738,JPY,20,Mizuho Bank,Mizuho Head Office,1053,1,COMPLETED
ST-000266,DOC-20210815-0007,,AP,S,1,2021-08-15,cash,5813524,JPY,20,Mizuho Bank,Mizuho Head Office,1021,1,COMPLETED
ST-000267,DOC-20210831-0059,,AP,S,2,2021-08-31,cash,77565,JPY,20,Mizuho Bank,Mizuho Head Office,1163,1,COMPLETED
ST-000268,DOC-20210831-0072,,AP,S,2,2021-08-31,cash,616209,JPY,20,Mizuho Bank,Mizuho Head Office,3026,1,COMPLETED
ST-000269,DOC-20210831-0073,,AP,S,2,2021-08-31,cash,116346,JPY,20,Mizuho Bank,Mizuho Head Office,3027,1,COMPLETED
ST-000270,DOC-20210831-0074,,AP,S,2,2021-08-31,cash,349042,JPY,20,Mizuho Bank,Mizuho Head Office,3028,1,COMPLETED
ST-000271,DOC-20210831-0075,,AP,S,2,2021-08-31,cash,137893,JPY,20,Mizuho Bank,Mizuho Head Office,3029,1,COMPLETED
ST-000272,DOC-20210810-0005,,AP,S,3,2021-08-10,note,3136658,JPY,,,,991,1,COMPLETED
ST-000273,DOC-20210820-0004,,AP,S,4,2021-08-20,cash,888656,JPY,20,Mizuho Bank,Mizuho Head Office,1054,1,COMPLETED
ST-000274,DOC-20210831-0060,,AP,S,5,2021-08-31,note,3702978,JPY,,,,1164,1,COMPLETED
ST-000275,DOC-20210820-0005,,AP,S,6,2021-08-20,cash,3482789,JPY,20,Mizuho Bank,Mizuho Head Office,1055,2,COMPLETED
ST-000276,DOC-20210831-0061,,AP,S,7,2021-08-31,cash,3490290,JPY,20,Mizuho Bank,Mizuho Head Office,1165,1,COMPLETED
ST-000277,DOC-20210810-0006,,AP,S,8,2021-08-10,cash,49392,JPY,20,Mizuho Bank,Mizuho Head Office,992,1,COMPLETED
ST-000278,DOC-20210831-0076,,AP,S,8,2021-08-31,cash,222264,JPY,20,Mizuho Bank,Mizuho Head Office,3030,1,COMPLETED
ST-000279,DOC-20210831-0077,,AP,S,8,2021-08-31,cash,24696,JPY,20,Mizuho Bank,Mizuho Head Office,3031,1,COMPLETED
ST-000280,DOC-20210831-0078,,AP,S,8,2021-08-31,cash,44452,JPY,20,Mizuho Bank,Mizuho Head Office,3032,1,COMPLETED
ST-000281,DOC-20210831-0079,,AP,S,8,2021-08-31,cash,49392,JPY,20,Mizuho Bank,Mizuho Head Office,3033,1,COMPLETED
ST-000282,DOC-20210831-0062,,AP,S,9,2021-08-31,note,1712425,JPY,,,,1166,1,COMPLETED
ST-000283,DOC-20210831-0063,,AP,S,10,2021-08-31,note,3040340,JPY,,,,1167,1,COMPLETED
ST-000284,DOC-20210820-0006,,AP,S,11,2021-08-20,cash,4187544,JPY,20,Mizuho Bank,Mizuho Head Office,1056,1,COMPLETED
ST-000285,DOC-20210831-0064,,AP,S,12,2021-08-31,cash,316537,JPY,20,Mizuho Bank,Mizuho Head Office,1168,1,COMPLETED
ST-000286,DOC-20210831-0065,,AP,S,13,2021-08-31,cash,1224976,JPY,20,Mizuho Bank,Mizuho Head Office,1169,1,COMPLETED
ST-000287,DOC-20210831-0066,,AP,S,14,2021-08-31,cash,2864586,JPY,20,Mizuho Bank,Mizuho Head Office,1170,1,COMPLETED
ST-000288,DOC-20210831-0067,,AP,S,15,2021-08-31,cash,1109128,JPY,20,Mizuho Bank,Mizuho Head Office,1171,1,COMPLETED
ST-000289,DOC-20210912-0001,,AR,C,1,2021-09-12,other,1369532,JPY,,,,1237,1,COMPLETED
ST-000290,DOC-20210925-0001,,AR,C,2,2021-09-25,note,16459173,JPY,,,,1329,1,COMPLETED
ST-000291,DOC-20210930-0067,,AR,C,3,2021-09-30,cash,588672,JPY,20,Mizuho Bank,Mizuho Head Office,3034,1,COMPLETED
ST-000292,DOC-20210930-0052,,AR,C,4,2021-09-30,cash,1186200,JPY,20,Mizuho Bank,Mizuho Head Office,1383,1,COMPLETED
ST-000293,DOC-20210930-0053,,AR,C,5,2021-09-30,cash,1299624,JPY,20,Mizuho Bank,Mizuho Head Office,1384,1,COMPLETED
ST-000294,DOC-20210915-0001,,AR,C,6,2021-09-15,cash,911211,JPY,20,Mizuho Bank,Mizuho Head Office,1254,1,COMPLETED
ST-000295,DOC-20210925-0002,,AR,C,7,2021-09-25,cash,925880,JPY,20,Mizuho Bank,Mizuho Head Office,1330,1,COMPLETED
ST-000296,DOC-20210915-0002,,AR,C,8,2021-09-15,cash,560430,JPY,20,Mizuho Bank,Mizuho Head Office,1255,1,COMPLETED
ST-000297,DOC-20210915-0003,,AR,C,9,2021-09-15,cash,1013480,JPY,20,Mizuho Bank,Mizuho Head Office,1256,1,COMPLETED
ST-000298,DOC-20210930-0057,,AR,C,10,2021-09-30,cash,305388,JPY,20,Mizuho Bank,Mizuho Head Office,1388,1,COMPLETED
ST-000299,DOC-20210920-0001,,AR,C,11,2021-09-20,cash,366976,JPY,20,Mizuho Bank,Mizuho Head Office,1286,1,COMPLETED
ST-000300,DOC-20210930-0054,,AR,C,12,2021-09-30,note,9706318,JPY,,,,1385,1,COMPLETED
ST-000301,DOC-20210915-0004,,AR,C,13,2021-09-15,cash,862193,JPY,20,Mizuho Bank,Mizuho Head Office,1257,1,COMPLETED
ST-000302,DOC-20210910-0003,,AR,C,14,2021-09-10,cash,1052584,JPY,20,Mizuho Bank,Mizuho Head Office,1218,1,COMPLETED
ST-000303,DOC-20210910-0004,,AR,C,14,2021-09-10,fee,1678938,JPY,20,Mizuho Bank,Mizuho Head Office,1218,2,COMPLETED
ST-000304,DOC-20210930-0068,,AR,C,14,2021-09-30,cash,928386,JPY,20,Mizuho Bank,Mizuho Head Office,3035,1,COMPLETED
ST-000305,DOC-20210930-0069,,AR,C,14,2021-09-30,cash,2487704,JPY,20,Mizuho Bank,Mizuho Head Office,3036,1,COMPLETED
ST-000306,DOC-20210930-0070,,AR,C,14,2021-09-30,cash,943160,JPY,20,Mizuho Bank,Mizuho Head Office,3037,1,COMPLETED
ST-000307,DOC-20210910-0001,,AR,C,19,2021-09-10,cash,378495,JPY,20,Mizuho Bank,Mizuho Head Office,1215,1,COMPLETED
ST-000308,DOC-20210915-0005,,AR,C,20,2021-09-15,cash,942360,JPY,20,Mizuho Bank,Mizuho Head Office,1258,1,COMPLETED
ST-000309,DOC-20210920-0002,,AR,C,21,2021-09-20,cash,610974,JPY,20,Mizuho Bank,Mizuho Head Office,1287,1,COMPLETED
ST-000310,DOC-20210905-0001,,AR,C,22,2021-09-05,cash,1402208,JPY,20,Mizuho Bank,Mizuho Head Office,1195,1,COMPLETED
ST-000311,DOC-20210925-0003,,AR,C,23,2021-09-25,cash,1135138,JPY,20,Mizuho Bank,Mizuho Head Office,1331,1,COMPLETED
ST-000312,DOC-20210930-0055,,AR,C,24,2021-09-30,cash,376504,JPY,20,Mizuho Bank,Mizuho Head Office,1386,1,COMPLETED
ST-000313,DOC-20210925-0004,,AR,C,25,2021-09-25,cash,4665496,JPY,20,Mizuho Bank,Mizuho Head Office,1332,1,COMPLETED
ST-000314,DOC-20210905-0002,,AR,C,26,2021-09-05,cash,1056864,JPY,20,Mizuho Bank,Mizuho Head Office,1196,1,COMPLETED
ST-000315,DOC-20210905-0003,,AR,C,27,2021-09-05,cash,1184900,JPY,20,Mizuho Bank,Mizuho Head Office,1197,1,COMPLETED
ST-000316,DOC-20210910-0002,,AR,C,28,2021-09-10,note,6131174,JPY,,,,1216,1,COMPLETED
ST-000317,DOC-20210930-0056,,AR,C,29,2021-09-30,cash,963720,JPY,20,Mizuho Bank,Mizuho Head Office,1387,1,COMPLETED
ST-000318,DOC-20210920-0003,,AR,C,30,2021-09-20,cash,1740812,JPY,20,Mizuho Bank,Mizuho Head Office,1288,1,COMPLETED
ST-000319,DOC-20210915-0006,,AP,S,1,2021-09-15,cash,6120204,JPY,20,Mizuho Bank,Mizuho Head Office,1259,1,COMPLETED
ST-000320,DOC-20210930-0058,,AP,S,2,2021-09-30,cash,176676,JPY,20,Mizuho Bank,Mizuho Head Office,1394,1,COMPLETED
ST-000321,DOC-20210930-0071,,AP,S,2,2021-09-30,cash,650681,JPY,20,Mizuho Bank,Mizuho Head Office,3038,1,COMPLETED
ST-000322,DOC-20210930-0072,,AP,S,2,2021-09-30,cash,77565,JPY,20,Mizuho Bank,Mizuho Head Office,3039,1,COMPLETED
ST-000323,DOC-20210930-0073,,AP,S,2,2021-09-30,cash,215458,JPY,20,Mizuho Bank,Mizuho Head Office,3040,1,COMPLETED
ST-000324,DOC-20210930-0074,,AP,S,2,2021-09-30,cash,198221,JPY,20,Mizuho Bank,Mizuho Head Office,3041,1,COMPLETED
ST-000325,DOC-20210910-0005,,AP,S,3,2021-09-10,note,3216642,JPY,,,,1219,1,COMPLETED
ST-000326,DOC-20210920-0004,,AP,S,4,2021-09-20,cash,929328,JPY,20,Mizuho Bank,Mizuho Head Office,1289,1,COMPLETED
ST-000327,DOC-20210930-0059,,AP,S,5,2021-09-30,note,3841014,JPY,,,,1395,1,COMPLETED
ST-000328,DOC-20210920-0005,,AP,S,6,2021-09-20,cash,3600809,JPY,20,Mizuho Bank,Mizuho Head Office,1290,1,COMPLETED
ST-000329,DOC-20210930-0060,,AP,S,7,2021-09-30,cash,3639444,JPY,20,Mizuho Bank,Mizuho Head Office,1396,1,COMPLETED
ST-000330,DOC-20210910-0006,,AP,S,8,2021-09-10,cash,49392,JPY,20,Mizuho Bank,Mizuho Head Office,1220,1,COMPLETED
ST-000331,DOC-20210930-0075,,AP,S,8,2021-09-30,cash,167932,JPY,20,Mizuho Bank,Mizuho Head Office,3042,1,COMPLETED
ST-000332,DOC-20210930-0076,,AP,S,8,2021-09-30,cash,24696,JPY,20,Mizuho Bank,Mizuho Head Office,3043,1,COMPLETED
ST-000333,DOC-20210930-0077,,AP,S,8,2021-09-30,cash,148176,JPY,20,Mizuho Bank,Mizuho Head Office,3044,1,COMPLETED
ST-000334,DOC-20210930-0078,,AP,S,8,2021-09-30,cash,24696,JPY,20,Mizuho Bank,Mizuho Head Office,3045,1,COMPLETED
ST-000335,DOC-20210930-0061,,AP,S,9,2021-09-30,note,1819272,JPY,,,,1397,1,COMPLETED
ST-000336,DOC-20210930-0062,,AP,S,10,2021-09-30,note,3148603,JPY,,,,1398,1,COMPLETED
ST-000337,DOC-20210920-0006,,AP,S,11,2021-09-20,cash,4398969,JPY,20,Mizuho Bank,Mizuho Head Office,1291,1,COMPLETED
ST-000338,DOC-20210930-0063,,AP,S,12,2021-09-30,cash,336571,JPY,20,Mizuho Bank,Mizuho Head Office,1399,1,COMPLETED
ST-000339,DOC-20210930-0064,,AP,S,13,2021-09-30,cash,1317476,JPY,20,Mizuho Bank,Mizuho Head Office,1400,1,COMPLETED
ST-000340,DOC-20210930-0065,,AP,S,14,2021-09-30,cash,2953512,JPY,20,Mizuho Bank,Mizuho Head Office,1401,1,COMPLETED
ST-000341,DOC-20210930-0066,,AP,S,15,2021-09-30,cash,1159628,JPY,20,Mizuho Bank,Mizuho Head Office,1402,1,COMPLETED
ST-000342,DOC-20211015-0001,,AR,C,1,2021-10-15,cash,1096420,JPY,20,Mizuho Bank,Mizuho Head Office,1485,1,COMPLETED
ST-000343,DOC-20211025-0001,,AR,C,2,2021-10-25,note,13866393,JPY,,,,1561,1,COMPLETED
ST-000344,DOC-20211031-0068,,AR,C,3,2021-10-31,cash,558315,JPY,20,Mizuho Bank,Mizuho Head Office,3046,1,COMPLETED
ST-000345,DOC-20211031-0053,,AR,C,4,2021-10-31,cash,698808,JPY,20,Mizuho Bank,Mizuho Head Office,1616,1,COMPLETED
ST-000346,DOC-20211031-0054,,AR,C,5,2021-10-31,cash,971864,JPY,20,Mizuho Bank,Mizuho Head Office,1617,1,COMPLETED
ST-000347,DOC-20211015-0002,,AR,C,6,2021-10-15,cash,1018045,JPY,20,Mizuho Bank,Mizuho Head Office,1486,1,COMPLETED
ST-000348,DOC-20211025-0002,,AR,C,7,2021-10-25,cash,1120992,JPY,20,Mizuho Bank,Mizuho Head Office,1562,1,COMPLETED
ST-000349,DOC-20211015-0003,,AR,C,8,2021-10-15,cash,710064,JPY,20,Mizuho Bank,Mizuho Head Office,1487,1,COMPLETED
ST-000350,DOC-20211015-0004,,AR,C,9,2021-10-15,cash,673120,JPY,20,Mizuho Bank,Mizuho Head Office,1488,1,COMPLETED
ST-000351,DOC-20211031-0058,,AR,C,10,2021-10-31,cash,666376,JPY,20,Mizuho Bank,Mizuho Head Office,1621,1,COMPLETED
ST-000352,DOC-20211020-0001,,AR,C,11,2021-10-20,cash,692628,JPY,20,Mizuho Bank,Mizuho Head Office,1514,1,COMPLETED
ST-000353,DOC-20211031-0055,,AR,C,12,2021-10-31,note,10599606,JPY,,,,1618,1,COMPLETED
ST-000354,DOC-20211015-0005,,AR,C,13,2021-10-15,cash,1088296,JPY,20,Mizuho Bank,Mizuho Head Office,1489,1,COMPLETED
ST-000355,DOC-20211010-0003,,AR,C,14,2021-10-10,cash,1577184,JPY,20,Mizuho Bank,Mizuho Head Office,1460,1,COMPLETED
ST-000356,DOC-20211010-0004,,AR,C,14,2021-10-10,fee,2070096,JPY,20,Mizuho Bank,Mizuho Head Office,1460,2,COMPLETED
ST-000357,DOC-20211031-0069,,AR,C,14,2021-10-31,cash,1108960,JPY,20,Mizuho Bank,Mizuho Head Office,3047,1,COMPLETED
ST-000358,DOC-20211031-0070,,AR,C,14,2021-10-31,cash,2583057,JPY,20,Mizuho Bank,Mizuho Head Office,3048,1,COMPLETED
ST-000359,DOC-20211031-0071,,AR,C,14,2021-10-31,cash,747840,JPY,20,Mizuho Bank,Mizuho Head Office,3049,1,COMPLETED
ST-000360,DOC-20211010-0001,,AR,C,19,2021-10-10,cash,5817092,JPY,20,Mizuho Bank,Mizuho Head Office,1457,1,COMPLETED
ST-000361,DOC-20211015-0006,,AR,C,20,2021-10-15,cash,1128590,JPY,20,Mizuho Bank,Mizuho Head Office,1490,1,COMPLETED
ST-000362,DOC-20211020-0002,,AR,C,21,2021-10-20,cash,2661680,JPY,20,Mizuho Bank,Mizuho Head Office,1515,1,COMPLETED
ST-000363,DOC-20211005-0001,,AR,C,22,2021-10-05,cash,746944,JPY,20,Mizuho Bank,Mizuho Head Office,1427,1,COMPLETED
ST-000364,DOC-20211025-0003,,AR,C,23,2021-10-25,cash,659000,JPY,20,Mizuho Bank,Mizuho Head Office,1563,1,COMPLETED
ST-000365,DOC-20211031-0056,,AR,C,24,2021-10-31,cash,544580,JPY,20,Mizuho Bank,Mizuho Head Office,1619,1,COMPLETED
ST-000366,DOC-20211025-0004,,AR,C,25,2021-10-25,cash,3658726,JPY,20,Mizuho Bank,Mizuho Head Office,1564,1,COMPLETED
ST-000367,DOC-20211005-0002,,AR,C,26,2021-10-05,cash,919640,JPY,20,Mizuho Bank,Mizuho Head Office,1428,1,COMPLETED
ST-000368,DOC-20211005-0003,,AR,C,27,2021-10-05,cash,1695610,JPY,20,Mizuho Bank,Mizuho Head Office,1429,1,COMPLETED
ST-000369,DOC-20211010-0002,,AR,C,28,2021-10-10,note,6477499,JPY,,,,1458,1,COMPLETED
ST-000370,DOC-20211031-0057,,AR,C,29,2021-10-31,cash,554400,JPY,20,Mizuho Bank,Mizuho Head Office,1620,1,COMPLETED
ST-000371,DOC-20211020-0003,,AR,C,30,2021-10-20,cash,914454,JPY,20,Mizuho Bank,Mizuho Head Office,1516,2,COMPLETED
ST-000372,DOC-20211015-0007,,AP,S,1,2021-10-15,cash,6139436,JPY,20,Mizuho Bank,Mizuho Head Office,1491,1,COMPLETED
ST-000373,DOC-20211031-0059,,AP,S,2,2021-10-31,cash,90491,JPY,20,Mizuho Bank,Mizuho Head Office,1627,1,COMPLETED
ST-000374,DOC-20211031-0072,,AP,S,2,2021-10-31,cash,818740,JPY,20,Mizuho Bank,Mizuho Head Office,3050,1,COMPLETED
ST-000375,DOC-20211031-0073,,AP,S,2,2021-10-31,cash,271477,JPY,20,Mizuho Bank,Mizuho Head Office,3051,1,COMPLETED
ST-000376,DOC-20211031-0074,,AP,S,2,2021-10-31,cash,77565,JPY,20,Mizuho Bank,Mizuho Head Office,3052,1,COMPLETED
ST-000377,DOC-20211031-0075,,AP,S,2,2021-10-31,cash,60328,JPY,20,Mizuho Bank,Mizuho Head Office,3053,1,COMPLETED
ST-000378,DOC-20211010-0005,,AP,S,3,2021-10-10,note,3251165,JPY,,,,1461,1,COMPLETED
ST-000379,DOC-20211020-0004,,AP,S,4,2021-10-20,cash,944145,JPY,20,Mizuho Bank,Mizuho Head Office,1517,1,COMPLETED
ST-000380,DOC-20211031-0060,,AP,S,5,2021-10-31,note,3841014,JPY,,,,1628,1,COMPLETED
ST-000381,DOC-20211020-0005,,AP,S,6,2021-10-20,cash,3600809,JPY,20,Mizuho Bank,Mizuho Head Office,1518,1,COMPLETED
ST-000382,DOC-20211031-0061,,AP,S,7,2021-10-31,cash,3639444,JPY,20,Mizuho Bank,Mizuho Head Office,1629,1,COMPLETED
ST-000383,DOC-20211010-0006,,AP,S,8,2021-10-10,cash,74088,JPY,20,Mizuho Bank,Mizuho Head Office,1462,1,COMPLETED
ST-000384,DOC-20211031-0076,,AP,S,8,2021-10-31,cash,148176,JPY,20,Mizuho Bank,Mizuho Head Office,3054,1,COMPLETED
ST-000385,DOC-20211031-0077,,AP,S,8,2021-10-31,cash,44452,JPY,20,Mizuho Bank,Mizuho Head Office,3055,1,COMPLETED
ST-000386,DOC-20211031-0078,,AP,S,8,2021-10-31,cash,123480,JPY,20,Mizuho Bank,Mizuho Head Office,3056,1,COMPLETED
ST-000387,DOC-20211031-0062,,AP,S,9,2021-10-31,note,1819272,JPY,,,,1630,1,COMPLETED
ST-000388,DOC-20211031-0063,,AP,S,10,2021-10-31,note,3148603,JPY,,,,1631,1,COMPLETED
ST-000389,DOC-20211020-0006,,AP,S,11,2021-10-20,cash,4398969,JPY,20,Mizuho Bank,Mizuho Head Office,1519,1,COMPLETED
ST-000390,DOC-20211031-0064,,AP,S,12,2021-10-31,cash,336571,JPY,20,Mizuho Bank,Mizuho Head Office,1632,1,COMPLETED
ST-000391,DOC-20211031-0065,,AP,S,13,2021-10-31,cash,1317476,JPY,20,Mizuho Bank,Mizuho Head Office,1633,1,COMPLETED
ST-000392,DOC-20211031-0066,,AP,S,14,2021-10-31,cash,2953512,JPY,20,Mizuho Bank,Mizuho Head Office,1634,1,COMPLETED
ST-000393,DOC-20211031-0067,,AP,S,15,2021-10-31,cash,1178376,JPY,20,Mizuho Bank,Mizuho Head Office,1635,1,COMPLETED
ST-000394,DOC-20211115-0001,,AR,C,1,2021-11-15,cash,1370644,JPY,20,Mizuho Bank,Mizuho Head Office,1717,1,COMPLETED
ST-000395,DOC-20211125-0001,,AR,C,2,2021-11-25,note,16028828,JPY,,,,1796,1,COMPLETED
ST-000396,DOC-20211130-0069,,AR,C,3,2021-11-30,cash,282780,JPY,20,Mizuho Bank,Mizuho Head Office,3057,1,COMPLETED
ST-000397,DOC-20211130-0054,,AR,C,4,2021-11-30,cash,703968,JPY,20,Mizuho Bank,Mizuho Head Office,1853,1,COMPLETED
ST-000398,DOC-20211130-0055,,AR,C,5,2021-11-30,cash,1129600,JPY,20,Mizuho Bank,Mizuho Head Office,1854,1,COMPLETED
ST-000399,DOC-20211115-0002,,AR,C,6,2021-11-15,cash,1023876,JPY,20,Mizuho Bank,Mizuho Head Office,1719,1,COMPLETED
ST-000400,DOC-20211125-0002,,AR,C,7,2021-11-25,cash,1209600,JPY,20,Mizuho Bank,Mizuho Head Office,1797,1,COMPLETED
ST-000401,DOC-20211115-0003,,AR,C,8,2021-11-15,cash,988155,JPY,20,Mizuho Bank,Mizuho Head Office,1720,1,COMPLETED
ST-000402,DOC-20211115-0004,,AR,C,9,2021-11-15,cash,1104280,JPY,20,Mizuho Bank,Mizuho Head Office,1721,1,COMPLETED
ST-000403,DOC-20211130-0056,,AR,C,10,2021-11-30,cash,342468,JPY,20,Mizuho Bank,Mizuho Head Office,1855,1,COMPLETED
ST-000404,DOC-20211120-0001,,AR,C,11,2021-11-20,cash,311649,JPY,20,Mizuho Bank,Mizuho Head Office,1753,2,COMPLETED
ST-000405,DOC-20211130-0057,,AR,C,12,2021-11-30,note,9607109,JPY,,,,1856,1,COMPLETED
ST-000406,DOC-20211115-0005,,AR,C,13,2021-11-15,cash,652365,JPY,20,Mizuho Bank,Mizuho Head Office,1722,1,COMPLETED
ST-000407,DOC-20211110-0001,,AR,C,14,2021-11-10,cash,1121960,JPY,20,Mizuho Bank,Mizuho Head Office,1684,1,COMPLETED
ST-000408,DOC-20211110-0002,,AR,C,14,2021-11-10,fee,1733186,JPY,20,Mizuho Bank,Mizuho Head Office,1684,2,COMPLETED
ST-000409,DOC-20211130-0070,,AR,C,14,2021-11-30,cash,1356786,JPY,20,Mizuho Bank,Mizuho Head Office,3058,1,COMPLETED
ST-000410,DOC-20211130-0071,,AR,C,14,2021-11-30,cash,2538474,JPY,20,Mizuho Bank,Mizuho Head Office,3059,1,COMPLETED
ST-000411,DOC-20211130-0072,,AR,C,14,2021-11-30,cash,964280,JPY,20,Mizuho Bank,Mizuho Head Office,3060,1,COMPLETED
ST-000412,DOC-20211110-0003,,AR,C,19,2021-11-10,cash,853605,JPY,20,Mizuho Bank,Mizuho Head Office,1685,1,COMPLETED
ST-000413,DOC-20211115-0006,,AR,C,20,2021-11-15,cash,754274,JPY,20,Mizuho Bank,Mizuho Head Office,1723,1,COMPLETED
ST-000414,DOC-20211120-0002,,AR,C,21,2021-11-20,cash,438255,JPY,20,Mizuho Bank,Mizuho Head Office,1754,1,COMPLETED
ST-000415,DOC-20211105-0001,,AR,C,22,2021-11-05,cash,570784,JPY,20,Mizuho Bank,Mizuho Head Office,1656,1,COMPLETED
ST-000416,DOC-20211125-0003,,AR,C,23,2021-11-25,cash,542236,JPY,20,Mizuho Bank,Mizuho Head Office,1798,3,COMPLETED
ST-000417,DOC-20211130-0058,,AR,C,24,2021-11-30,cash,670364,JPY,20,Mizuho Bank,Mizuho Head Office,1857,1,COMPLETED
ST-000418,DOC-20211125-0004,,AR,C,25,2021-11-25,cash,4531280,JPY,20,Mizuho Bank,Mizuho Head Office,1799,1,COMPLETED
ST-000419,DOC-20211105-0002,,AR,C,26,2021-11-05,cash,695408,JPY,20,Mizuho Bank,Mizuho Head Office,1657,1,COMPLETED
ST-000420,DOC-20211105-0003,,AR,C,27,2021-11-05,cash,893184,JPY,20,Mizuho Bank,Mizuho Head Office,1658,1,COMPLETED
ST-000421,DOC-20211110-0004,,AR,C,28,2021-11-10,note,5964649,JPY,,,,1686,1,COMPLETED
ST-000422,DOC-20211130-0059,,AR,C,29,2021-11-30,cash,496980,JPY,20,Mizuho Bank,Mizuho Head Office,1858,1,COMPLETED
ST-000423,DOC-20211120-0003,,AR,C,30,2021-11-20,cash,1044756,JPY,20,Mizuho Bank,Mizuho Head Office,1755,1,COMPLETED
ST-000424,DOC-20211115-0007,,AP,S,1,2021-11-15,cash,5934799,JPY,20,Mizuho Bank,Mizuho Head Office,1724,1,COMPLETED
ST-000425,DOC-20211130-0065,,AP,S,2,2021-11-30,cash,232695,JPY,20,Mizuho Bank,Mizuho Head Office,1869,1,COMPLETED
ST-000426,DOC-20211130-0073,,AP,S,2,2021-11-30,cash,392134,JPY,20,Mizuho Bank,Mizuho Head Office,3061,1,COMPLETED
ST-000427,DOC-20211130-0074,,AP,S,2,2021-11-30,cash,116347,JPY,20,Mizuho Bank,Mizuho Head Office,3062,1,COMPLETED
ST-000428,DOC-20211130-0075,,AP,S,2,2021-11-30,cash,405060,JPY,20,Mizuho Bank,Mizuho Head Office,3063,1,COMPLETED
ST-000429,DOC-20211130-0076,,AP,S,2,2021-11-30,cash,94801,JPY,20,Mizuho Bank,Mizuho Head Office,3064,1,COMPLETED
ST-000430,DOC-20211110-0005,,AP,S,3,2021-11-10,note,3153847,JPY,,,,1687,1,COMPLETED
ST-000431,DOC-20211120-0004,,AP,S,4,2021-11-20,cash,944145,JPY,20,Mizuho Bank,Mizuho Head Office,1756,1,COMPLETED
ST-000432,DOC-20211130-0060,,AP,S,5,2021-11-30,note,3730512,JPY,,,,1864,1,COMPLETED
ST-000433,DOC-20211120-0005,,AP,S,6,2021-11-20,cash,3484984,JPY,20,Mizuho Bank,Mizuho Head Office,1757,1,COMPLETED
ST-000434,DOC-20211130-0061,,AP,S,7,2021-11-30,cash,3447035,JPY,20,Mizuho Bank,Mizuho Head Office,1865,1,COMPLETED
ST-000435,DOC-20211110-0006,,AP,S,8,2021-11-10,cash,316108,JPY,20,Mizuho Bank,Mizuho Head Office,1688,1,COMPLETED
ST-000436,DOC-20211130-0077,,AP,S,8,2021-11-30,cash,74088,JPY,20,Mizuho Bank,Mizuho Head Office,3065,1,COMPLETED
ST-000437,DOC-20211130-0078,,AP,S,8,2021-11-30,cash,24696,JPY,20,Mizuho Bank,Mizuho Head Office,3066,1,COMPLETED
ST-000438,DOC-20211130-0062,,AP,S,9,2021-11-30,note,1819272,JPY,,,,1866,1,COMPLETED
ST-000439,DOC-20211130-0063,,AP,S,10,2021-11-30,note,3051222,JPY,,,,1867,1,COMPLETED
ST-000440,DOC-20211120-0006,,AP,S,11,2021-11-20,cash,4284585,JPY,20,Mizuho Bank,Mizuho Head Office,1758,1,COMPLETED
ST-000441,DOC-20211130-0064,,AP,S,12,2021-11-30,cash,316537,JPY,20,Mizuho Bank,Mizuho Head Office,1868,1,COMPLETED
ST-000442,DOC-20211130-0066,,AP,S,13,2021-11-30,cash,1317476,JPY,20,Mizuho Bank,Mizuho Head Office,1870,1,COMPLETED
ST-000443,DOC-20211130-0067,,AP,S,14,2021-11-30,cash,2868702,JPY,20,Mizuho Bank,Mizuho Head Office,1871,1,COMPLETED
ST-000444,DOC-20211130-0068,,AP,S,15,2021-11-30,cash,1178376,JPY,20,Mizuho Bank,Mizuho Head Office,1872,1,COMPLETED
ST-000445,DOC-20211215-0001,,AR,C,1,2021-12-15,cash,1023604,JPY,20,Mizuho Bank,Mizuho Head Office,1947,1,COMPLETED
ST-000446,DOC-20211225-0001,,AR,C,2,2021-12-25,note,14382264,JPY,,,,2046,1,COMPLETED
ST-000447,DOC-20211231-0069,,AR,C,3,2021-12-31,cash,509535,JPY,20,Mizuho Bank,Mizuho Head Office,3067,1,COMPLETED
ST-000448,DOC-20211231-0054,,AR,C,4,2021-12-31,cash,1087224,JPY,20,Mizuho Bank,Mizuho Head Office,2099,1,COMPLETED
ST-000449,DOC-20211231-0055,,AR,C,5,2021-12-31,cash,1281568,JPY,20,Mizuho Bank,Mizuho Head Office,2100,1,COMPLETED
ST-000450,DOC-20211215-0002,,AR,C,6,2021-12-15,cash,1269677,JPY,20,Mizuho Bank,Mizuho Head Office,1948,1,COMPLETED
ST-000451,DOC-20211225-0002,,AR,C,7,2021-12-25,cash,1134104,JPY,20,Mizuho Bank,Mizuho Head Office,2047,1,COMPLETED
ST-000452,DOC-20211215-0003,,AR,C,8,2021-12-15,cash,398115,JPY,20,Mizuho Bank,Mizuho Head Office,1949,1,COMPLETED
ST-000453,DOC-20211215-0004,,AR,C,9,2021-12-15,cash,798840,JPY,20,Mizuho Bank,Mizuho Head Office,1950,1,COMPLETED
ST-000454,DOC-20211231-0056,,AR,C,10,2021-12-31,cash,203996,JPY,20,Mizuho Bank,Mizuho Head Office,2101,1,COMPLETED
ST-000455,DOC-20211220-0001,,AR,C,11,2021-12-20,cash,543350,JPY,20,Mizuho Bank,Mizuho Head Office,1992,1,COMPLETED
ST-000456,DOC-20211231-0057,,AR,C,12,2021-12-31,note,10808171,JPY,,,,2102,1,COMPLETED
ST-000457,DOC-20211215-0005,,AR,C,13,2021-12-15,cash,730040,JPY,20,Mizuho Bank,Mizuho Head Office,1951,1,COMPLETED
ST-000458,DOC-20211210-0001,,AR,C,14,2021-12-10,cash,1444608,JPY,20,Mizuho Bank,Mizuho Head Office,1922,1,COMPLETED
ST-000459,DOC-20211210-0002,,AR,C,14,2021-12-10,fee,1675244,JPY,20,Mizuho Bank,Mizuho Head Office,1922,2,COMPLETED
ST-000460,DOC-20211231-0070,,AR,C,14,2021-12-31,cash,1680864,JPY,20,Mizuho Bank,Mizuho Head Office,3068,1,COMPLETED
ST-000461,DOC-20211231-0071,,AR,C,14,2021-12-31,cash,2247210,JPY,20,Mizuho Bank,Mizuho Head Office,3069,1,COMPLETED
ST-000462,DOC-20211231-0072,,AR,C,14,2021-12-31,cash,777184,JPY,20,Mizuho Bank,Mizuho Head Office,3070,1,COMPLETED
ST-000463,DOC-20211210-0003,,AR,C,19,2021-12-10,cash,590832,JPY,20,Mizuho Bank,Mizuho Head Office,1923,1,COMPLETED
ST-000464,DOC-20211215-0006,,AR,C,20,2021-12-15,cash,1254356,JPY,20,Mizuho Bank,Mizuho Head Office,1952,1,COMPLETED
ST-000465,DOC-20211220-0002,,AR,C,21,2021-12-20,cash,475740,JPY,20,Mizuho Bank,Mizuho Head Office,1993,1,COMPLETED
ST-000466,DOC-20211205-0001,,AR,C,22,2021-12-05,cash,923680,JPY,20,Mizuho Bank,Mizuho Head Office,1891,1,COMPLETED
ST-000467,DOC-20211225-0003,,AR,C,23,2021-12-25,cash,482504,JPY,20,Mizuho Bank,Mizuho Head Office,2048,1,COMPLETED
ST-000468,DOC-20211231-0058,,AR,C,24,2021-12-31,cash,497872,JPY,20,Mizuho Bank,Mizuho Head Office,2103,1,COMPLETED
ST-000469,DOC-20211225-0004,,AR,C,25,2021-12-25,cash,4489738,JPY,20,Mizuho Bank,Mizuho Head Office,2049,1,COMPLETED
ST-000470,DOC-20211205-0002,,AR,C,26,2021-12-05,cash,1018824,JPY,20,Mizuho Bank,Mizuho Head Office,1892,1,COMPLETED
ST-000471,DOC-20211205-0003,,AR,C,27,2021-12-05,cash,814613,JPY,20,Mizuho Bank,Mizuho Head Office,1893,1,COMPLETED
ST-000472,DOC-20211210-0004,,AR,C,28,2021-12-10,note,6921367,JPY,,,,1924,1,COMPLETED
ST-000473,DOC-20211231-0059,,AR,C,29,2021-12-31,cash,708660,JPY,20,Mizuho Bank,Mizuho Head Office,2104,1,COMPLETED
ST-000474,DOC-20211220-0003,,AR,C,30,2021-12-20,cash,1390498,JPY,20,Mizuho Bank,Mizuho Head Office,1994,1,COMPLETED
ST-000475,DOC-20211215-0007,,AP,S,1,2021-12-15,cash,6139437,JPY,20,Mizuho Bank,Mizuho Head Office,1953,1,COMPLETED
ST-000476,DOC-20211231-0060,,AP,S,2,2021-12-31,cash,119070,JPY,20,Mizuho Bank,Mizuho Head Office,2110,1,COMPLETED
ST-000477,DOC-20211231-0073,,AP,S,2,2021-12-31,cash,912870,JPY,20,Mizuho Bank,Mizuho Head Office,3071,1,COMPLETED
ST-000478,DOC-20211231-0074,,AP,S,2,2021-12-31,cash,158760,JPY,20,Mizuho Bank,Mizuho Head Office,3072,1,COMPLETED
ST-000479,DOC-20211231-0075,,AP,S,2,2021-12-31,cash,79380,JPY,20,Mizuho Bank,Mizuho Head Office,3073,1,COMPLETED
ST-000480,DOC-20211231-0076,,AP,S,2,2021-12-31,cash,79380,JPY,20,Mizuho Bank,Mizuho Head Office,3074,1,COMPLETED
ST-000481,DOC-20211210-0005,,AP,S,3,2021-12-10,note,3323313,JPY,,,,1925,1,COMPLETED
ST-000482,DOC-20211220-0004,,AP,S,4,2021-12-20,cash,964740,JPY,20,Mizuho Bank,Mizuho Head Office,1995,1,COMPLETED
ST-000483,DOC-20211231-0061,,AP,S,5,2021-12-31,note,3923430,JPY,,,,2111,1,COMPLETED
ST-000484,DOC-20211220-0005,,AP,S,6,2021-12-20,cash,3677354,JPY,20,Mizuho Bank,Mizuho Head Office,1996,1,COMPLETED
ST-000485,DOC-20211231-0062,,AP,S,7,2021-12-31,cash,3715740,JPY,20,Mizuho Bank,Mizuho Head Office,2112,1,COMPLETED
ST-000486,DOC-20211210-0006,,AP,S,8,2021-12-10,cash,50400,JPY,20,Mizuho Bank,Mizuho Head Office,1926,2,COMPLETED
ST-000487,DOC-20211231-0077,,AP,S,8,2021-12-31,cash,226800,JPY,20,Mizuho Bank,Mizuho Head Office,3075,1,COMPLETED
ST-000488,DOC-20211231-0078,,AP,S,8,2021-12-31,cash,126000,JPY,20,Mizuho Bank,Mizuho Head Office,3076,1,COMPLETED
ST-000489,DOC-20211231-0079,,AP,S,8,2021-12-31,cash,20160,JPY,20,Mizuho Bank,Mizuho Head Office,3077,1,COMPLETED
ST-000490,DOC-20211231-0063,,AP,S,9,2021-12-31,note,1859340,JPY,,,,2113,1,COMPLETED
ST-000491,DOC-20211231-0064,,AP,S,10,2021-12-31,note,3215415,JPY,,,,2114,1,COMPLETED
ST-000492,DOC-20211220-0006,,AP,S,11,2021-12-20,cash,4492889,JPY,20,Mizuho Bank,Mizuho Head Office,1997,1,COMPLETED
ST-000493,DOC-20211231-0065,,AP,S,12,2021-12-31,cash,343980,JPY,20,Mizuho Bank,Mizuho Head Office,2115,1,COMPLETED
ST-000494,DOC-20211231-0066,,AP,S,13,2021-12-31,cash,1345680,JPY,20,Mizuho Bank,Mizuho Head Office,2116,1,COMPLETED
ST-000495,DOC-20211231-0067,,AP,S,14,2021-12-31,cash,3016650,JPY,20,Mizuho Bank,Mizuho Head Office,2117,1,COMPLETED
ST-000496,DOC-20211231-0068,,AP,S,15,2021-12-31,cash,1204980,JPY,20,Mizuho Bank,Mizuho Head Office,2118,1,COMPLETED
ST-000497,DOC-20220115-0001,,AR,C,1,2022-01-15,cash,1615320,JPY,20,Mizuho Bank,Mizuho Head Office,2194,1,COMPLETED
ST-000498,DOC-20220125-0001,,AR,C,2,2022-01-25,note,17254140,JPY,,,,2277,1,COMPLETED
ST-000499,DOC-20220131-0068,,AR,C,3,2022-01-31,cash,1074280,JPY,20,Mizuho Bank,Mizuho Head Office,3078,1,COMPLETED
ST-000500,DOC-20220131-0053,,AR,C,4,2022-01-31,cash,1300832,JPY,20,Mizuho Bank,Mizuho Head Office,2331,1,COMPLETED
ST-000501,DOC-20220131-0054,,AR,C,5,2022-01-31,cash,2041948,JPY,20,Mizuho Bank,Mizuho Head Office,2332,1,COMPLETED
ST-000502,DOC-20220115-0002,,AR,C,6,2022-01-15,cash,2099052,JPY,20,Mizuho Bank,Mizuho Head Office,2195,1,COMPLETED
ST-000503,DOC-20220125-0002,,AR,C,7,2022-01-25,cash,1748532,JPY,20,Mizuho Bank,Mizuho Head Office,2278,1,COMPLETED
ST-000504,DOC-20220115-0003,,AR,C,8,2022-01-15,cash,1448504,JPY,20,Mizuho Bank,Mizuho Head Office,2196,1,COMPLETED
ST-000505,DOC-20220115-0004,,AR,C,9,2022-01-15,cash,1303424,JPY,20,Mizuho Bank,Mizuho Head Office,2197,1,COMPLETED
ST-000506,DOC-20220131-0055,,AR,C,10,2022-01-31,cash,320480,JPY,20,Mizuho Bank,Mizuho Head Office,2333,1,COMPLETED
ST-000507,DOC-20220120-0001,,AR,C,11,2022-01-20,cash,1158996,JPY,20,Mizuho Bank,Mizuho Head Office,2237,1,COMPLETED
ST-000508,DOC-20220131-0056,,AR,C,12,2022-01-31,note,10629137,JPY,,,,2334,1,COMPLETED
ST-000509,DOC-20220115-0005,,AR,C,13,2022-01-15,cash,1108516,JPY,20,Mizuho Bank,Mizuho Head Office,2198,1,COMPLETED
ST-000510,DOC-20220110-0001,,AR,C,14,2022-01-10,cash,1398520,JPY,20,Mizuho Bank,Mizuho Head Office,2158,1,COMPLETED
ST-000511,DOC-20220110-0002,,AR,C,14,2022-01-10,fee,2167946,JPY,20,Mizuho Bank,Mizuho Head Office,2158,2,COMPLETED
ST-000512,DOC-20220131-0069,,AR,C,14,2022-01-31,cash,1446278,JPY,20,Mizuho Bank,Mizuho Head Office,3079,1,COMPLETED
ST-000513,DOC-20220131-0070,,AR,C,14,2022-01-31,cash,2901037,JPY,20,Mizuho Bank,Mizuho Head Office,3080,1,COMPLETED
ST-000514,DOC-20220131-0071,,AR,C,14,2022-01-31,cash,682664,JPY,20,Mizuho Bank,Mizuho Head Office,3081,1,COMPLETED
ST-000515,DOC-20220110-0003,,AR,C,19,2022-01-10,cash,727515,JPY,20,Mizuho Bank,Mizuho Head Office,2159,1,COMPLETED
ST-000516,DOC-20220115-0006,,AR,C,20,2022-01-15,cash,1210614,JPY,20,Mizuho Bank,Mizuho Head Office,2199,1,COMPLETED
ST-000517,DOC-20220120-0002,,AR,C,21,2022-01-20,cash,571347,JPY,20,Mizuho Bank,Mizuho Head Office,2238,1,COMPLETED
ST-000518,DOC-20220105-0001,,AR,C,22,2022-01-05,cash,986824,JPY,20,Mizuho Bank,Mizuho Head Office,2128,1,COMPLETED
ST-000519,DOC-20220125-0003,,AR,C,23,2022-01-25,cash,835689,JPY,20,Mizuho Bank,Mizuho Head Office,2279,1,COMPLETED
ST-000520,DOC-20220131-0057,,AR,C,24,2022-01-31,cash,459212,JPY,20,Mizuho Bank,Mizuho Head Office,2335,1,COMPLETED
ST-000521,DOC-20220125-0004,,AR,C,25,2022-01-25,cash,4567306,JPY,20,Mizuho Bank,Mizuho Head Office,2280,2,COMPLETED
ST-000522,DOC-20220105-0002,,AR,C,26,2022-01-05,cash,778520,JPY,20,Mizuho Bank,Mizuho Head Office,2129,1,COMPLETED
ST-000523,DOC-20220105-0003,,AR,C,27,2022-01-05,cash,1176124,JPY,20,Mizuho Bank,Mizuho Head Office,2130,1,COMPLETED
ST-000524,DOC-20220110-0004,,AR,C,28,2022-01-10,note,6004022,JPY,,,,2160,1,COMPLETED
ST-000525,DOC-20220131-0058,,AR,C,29,2022-01-31,cash,488898,JPY,20,Mizuho Bank,Mizuho Head Office,2336,1,COMPLETED
ST-000526,DOC-20220120-0003,,AR,C,30,2022-01-20,cash,1327677,JPY,20,Mizuho Bank,Mizuho Head Office,2239,1,COMPLETED
ST-000527,DOC-20220115-0007,,AP,S,1,2022-01-15,cash,7285614,JPY,20,Mizuho Bank,Mizuho Head Office,2200,1,COMPLETED
ST-000528,DOC-20220131-0059,,AP,S,2,2022-01-31,cash,183908,JPY,20,Mizuho Bank,Mizuho Head Office,2342,1,COMPLETED
ST-000529,DOC-20220131-0072,,AP,S,2,2022-01-31,cash,322960,JPY,20,Mizuho Bank,Mizuho Head Office,3082,1,COMPLETED
ST-000530,DOC-20220131-0073,,AP,S,2,2022-01-31,cash,103168,JPY,20,Mizuho Bank,Mizuho Head Office,3083,1,COMPLETED
ST-000531,DOC-20220131-0074,,AP,S,2,2022-01-31,cash,502382,JPY,20,Mizuho Bank,Mizuho Head Office,3084,1,COMPLETED
ST-000532,DOC-20220131-0075,,AP,S,2,2022-01-31,cash,202050,JPY,20,Mizuho Bank,Mizuho Head Office,3085,1,COMPLETED
ST-000533,DOC-20220110-0005,,AP,S,3,2022-01-10,note,4077586,JPY,,,,2161,1,COMPLETED
ST-000534,DOC-20220120-0004,,AP,S,4,2022-01-20,cash,1155555,JPY,20,Mizuho Bank,Mizuho Head Office,2240,1,COMPLETED
ST-000535,DOC-20220131-0060,,AP,S,5,2022-01-31,note,4897778,JPY,,,,2343,1,COMPLETED
ST-000536,DOC-20220120-0005,,AP,S,6,2022-01-20,cash,4043244,JPY,20,Mizuho Bank,Mizuho Head Office,2241,1,COMPLETED
ST-000537,DOC-20220131-0061,,AP,S,7,2022-01-31,cash,4597303,JPY,20,Mizuho Bank,Mizuho Head Office,2344,1,COMPLETED
ST-000538,DOC-20220110-0006,,AP,S,8,2022-01-10,cash,25704,JPY,20,Mizuho Bank,Mizuho Head Office,2162,1,COMPLETED
ST-000539,DOC-20220131-0076,,AP,S,8,2022-01-31,cash,179928,JPY,20,Mizuho Bank,Mizuho Head Office,3086,1,COMPLETED
ST-000540,DOC-20220131-0077,,AP,S,8,2022-01-31,cash,51408,JPY,20,Mizuho Bank,Mizuho Head Office,3087,1,COMPLETED
ST-000541,DOC-20220131-0078,,AP,S,8,2022-01-31,cash,102816,JPY,20,Mizuho Bank,Mizuho Head Office,3088,1,COMPLETED
ST-000542,DOC-20220131-0079,,AP,S,8,2022-01-31,cash,46267,JPY,20,Mizuho Bank,Mizuho Head Office,3089,1,COMPLETED
ST-000543,DOC-20220131-0062,,AP,S,9,2022-01-31,note,2224739,JPY,,,,2345,1,COMPLETED
ST-000544,DOC-20220131-0063,,AP,S,10,2022-01-31,note,3791833,JPY,,,,2346,1,COMPLETED
ST-000545,DOC-20220120-0006,,AP,S,11,2022-01-20,note,5286009,JPY,,,,2242,1,COMPLETED
ST-000546,DOC-20220131-0064,,AP,S,12,2022-01-31,cash,433742,JPY,20,Mizuho Bank,Mizuho Head Office,2347,1,COMPLETED
ST-000547,DOC-20220131-0065,,AP,S,13,2022-01-31,cash,1802651,JPY,20,Mizuho Bank,Mizuho Head Office,2348,1,COMPLETED
ST-000548,DOC-20220131-0066,,AP,S,14,2022-01-31,cash,3875434,JPY,20,Mizuho Bank,Mizuho Head Office,2349,1,COMPLETED
ST-000549,DOC-20220131-0067,,AP,S,15,2022-01-31,cash,1543059,JPY,20,Mizuho Bank,Mizuho Head Office,2350,1,COMPLETED
ST-000550,DOC-20220215-0001,,AR,C,1,2022-02-15,cash,1949895,JPY,20,Mizuho Bank,Mizuho Head Office,2427,1,COMPLETED
ST-000551,DOC-20220225-0001,,AR,C,2,2022-02-25,note,20467436,JPY,,,,2513,1,COMPLETED
ST-000552,DOC-20220228-0069,,AR,C,3,2022-02-28,cash,12141144,JPY,20,Mizuho Bank,Mizuho Head Office,3090,1,COMPLETED
ST-000553,DOC-20220228-0054,,AR,C,4,2022-02-28,cash,1435084,JPY,20,Mizuho Bank,Mizuho Head Office,2561,2,COMPLETED
ST-000554,DOC-20220228-0055,,AR,C,5,2022-02-28,cash,1585172,JPY,20,Mizuho Bank,Mizuho Head Office,2562,1,COMPLETED
ST-000555,DOC-20220215-0002,,AR,C,6,2022-02-15,cash,1852360,JPY,20,Mizuho Bank,Mizuho Head Office,2428,1,COMPLETED
ST-000556,DOC-20220225-0002,,AR,C,7,2022-02-25,cash,1478159,JPY,20,Mizuho Bank,Mizuho Head Office,2514,1,COMPLETED
ST-000557,DOC-20220215-0003,,AR,C,8,2022-02-15,cash,1218968,JPY,20,Mizuho Bank,Mizuho Head Office,2429,1,COMPLETED
ST-000558,DOC-20220215-0004,,AR,C,9,2022-02-15,cash,1347272,JPY,20,Mizuho Bank,Mizuho Head Office,2430,1,COMPLETED
ST-000559,DOC-20220228-0056,,AR,C,10,2022-02-28,cash,458172,JPY,20,Mizuho Bank,Mizuho Head Office,2563,1,COMPLETED
ST-000560,DOC-20220220-0001,,AR,C,11,2022-02-20,cash,1182012,JPY,20,Mizuho Bank,Mizuho Head Office,2468,2,COMPLETED
ST-000561,DOC-20220228-0057,,AR,C,12,2022-02-28,note,17510543,JPY,,,,2564,1,COMPLETED
ST-000562,DOC-20220215-0005,,AR,C,13,2022-02-15,cash,1632272,JPY,20,Mizuho Bank,Mizuho Head Office,2431,1,COMPLETED
ST-000563,DOC-20220210-0001,,AR,C,14,2022-02-10,cash,2823042,JPY,20,Mizuho Bank,Mizuho Head Office,2395,1,COMPLETED
ST-000564,DOC-20220210-0002,,AR,C,14,2022-02-10,fee,3452470,JPY,20,Mizuho Bank,Mizuho Head Office,2395,2,COMPLETED
ST-000565,DOC-20220228-0070,,AR,C,14,2022-02-28,cash,3544224,JPY,20,Mizuho Bank,Mizuho Head Office,3091,1,COMPLETED
ST-000566,DOC-20220228-0071,,AR,C,14,2022-02-28,cash,14867459,JPY,20,Mizuho Bank,Mizuho Head Office,3092,1,COMPLETED
ST-000567,DOC-20220228-0072,,AR,C,14,2022-02-28,cash,2089558,JPY,20,Mizuho Bank,Mizuho Head Office,3093,1,COMPLETED
ST-000568,DOC-20220210-0003,,AR,C,19,2022-02-10,cash,906784,JPY,20,Mizuho Bank,Mizuho Head Office,2396,1,COMPLETED
ST-000569,DOC-20220215-0006,,AR,C,20,2022-02-15,cash,2361484,JPY,20,Mizuho Bank,Mizuho Head Office,2432,1,COMPLETED
ST-000570,DOC-20220220-0002,,AR,C,21,2022-02-20,cash,1839420,JPY,20,Mizuho Bank,Mizuho Head Office,2469,1,COMPLETED
ST-000571,DOC-20220205-0001,,AR,C,22,2022-02-05,cash,2036596,JPY,20,Mizuho Bank,Mizuho Head Office,2371,1,COMPLETED
ST-000572,DOC-20220225-0003,,AR,C,23,2022-02-25,cash,1420364,JPY,20,Mizuho Bank,Mizuho Head Office,2515,1,COMPLETED
ST-000573,DOC-20220228-0058,,AR,C,24,2022-02-28,cash,600724,JPY,20,Mizuho Bank,Mizuho Head Office,2565,1,COMPLETED
ST-000574,DOC-20220225-0004,,AR,C,25,2022-02-25,cash,6207618,JPY,20,Mizuho Bank,Mizuho Head Office,2516,1,COMPLETED
ST-000575,DOC-20220205-0002,,AR,C,26,2022-02-05,cash,2366012,JPY,20,Mizuho Bank,Mizuho Head Office,2372,1,COMPLETED
ST-000576,DOC-20220205-0003,,AR,C,27,2022-02-05,cash,1655306,JPY,20,Mizuho Bank,Mizuho Head Office,2373,1,COMPLETED
ST-000577,DOC-20220210-0004,,AR,C,28,2022-02-10,note,11930631,JPY,,,,2397,1,COMPLETED
ST-000578,DOC-20220228-0059,,AR,C,29,2022-02-28,cash,1633676,JPY,20,Mizuho Bank,Mizuho Head Office,2566,1,COMPLETED
ST-000579,DOC-20220220-0003,,AR,C,30,2022-02-20,cash,2107935,JPY,20,Mizuho Bank,Mizuho Head Office,2470,1,COMPLETED
ST-000580,DOC-20220215-0007,,AP,S,1,2022-02-15,note,10823612,JPY,,,,2433,1,COMPLETED
ST-000581,DOC-20220228-0060,,AP,S,2,2022-02-28,cash,363331,JPY,20,Mizuho Bank,Mizuho Head Office,2572,1,COMPLETED
ST-000582,DOC-20220228-0073,,AP,S,2,2022-02-28,cash,1085505,JPY,20,Mizuho Bank,Mizuho Head Office,3094,1,COMPLETED
ST-000583,DOC-20220228-0074,,AP,S,2,2022-02-28,cash,183908,JPY,20,Mizuho Bank,Mizuho Head Office,3095,1,COMPLETED
ST-000584,DOC-20220228-0075,,AP,S,2,2022-02-28,cash,183908,JPY,20,Mizuho Bank,Mizuho Head Office,3096,1,COMPLETED
ST-000585,DOC-20220228-0076,,AP,S,2,2022-02-28,cash,80740,JPY,20,Mizuho Bank,Mizuho Head Office,3097,1,COMPLETED
ST-000586,DOC-20220210-0005,,AP,S,3,2022-02-10,note,5031519,JPY,,,,2398,1,COMPLETED
ST-000587,DOC-20220220-0004,,AP,S,4,2022-02-20,cash,1503036,JPY,20,Mizuho Bank,Mizuho Head Office,2471,1,COMPLETED
ST-000588,DOC-20220228-0061,,AP,S,5,2022-02-28,note,6301802,JPY,,,,2573,1,COMPLETED
ST-000589,DOC-20220220-0005,,AP,S,6,2022-02-20,cash,6893004,JPY,20,Mizuho Bank,Mizuho Head Office,2472,1,COMPLETED
ST-000590,DOC-20220228-0062,,AP,S,7,2022-02-28,cash,6922413,JPY,20,Mizuho Bank,Mizuho Head Office,2574,1,COMPLETED
ST-000591,DOC-20220210-0006,,AP,S,8,2022-02-10,cash,102816,JPY,20,Mizuho Bank,Mizuho Head Office,2399,1,COMPLETED
ST-000592,DOC-20220228-0077,,AP,S,8,2022-02-28,cash,251899,JPY,20,Mizuho Bank,Mizuho Head Office,3098,1,COMPLETED
ST-000593,DOC-20220228-0078,,AP,S,8,2022-02-28,cash,25704,JPY,20,Mizuho Bank,Mizuho Head Office,3099,1,COMPLETED
ST-000594,DOC-20220228-0079,,AP,S,8,2022-02-28,cash,102816,JPY,20,Mizuho Bank,Mizuho Head Office,3100,1,COMPLETED
ST-000595,DOC-20220228-0080,,AP,S,8,2022-02-28,cash,77112,JPY,20,Mizuho Bank,Mizuho Head Office,3101,1,COMPLETED
ST-000596,DOC-20220228-0063,,AP,S,9,2022-02-28,note,2897127,JPY,,,,2575,1,COMPLETED
ST-000597,DOC-20220228-0064,,AP,S,10,2022-02-28,note,5798593,JPY,,,,2576,1,COMPLETED
ST-000598,DOC-20220220-0006,,AP,S,11,2022-02-20,note,8378109,JPY,,,,2473,1,COMPLETED
ST-000599,DOC-20220228-0065,,AP,S,12,2022-02-28,cash,658954,JPY,20,Mizuho Bank,Mizuho Head Office,2577,1,COMPLETED
ST-000600,DOC-20220228-0066,,AP,S,13,2022-02-28,cash,2069835,JPY,20,Mizuho Bank,Mizuho Head Office,2578,1,COMPLETED
ST-000601,DOC-20220228-0067,,AP,S,14,2022-02-28,cash,4570569,JPY,20,Mizuho Bank,Mizuho Head Office,2579,1,COMPLETED
ST-000602,DOC-20220228-0068,,AP,S,15,2022-02-28,cash,1840617,JPY,20,Mizuho Bank,Mizuho Head Office,2580,1,COMPLETED
ST-000603,DOC-20220315-0001,,AR,C,1,2022-03-15,cash,1438024,JPY,20,Mizuho Bank,Mizuho Head Office,2656,1,COMPLETED
ST-000604,DOC-20220325-0001,,AR,C,2,2022-03-25,note,17480828,JPY,,,,2738,1,COMPLETED
ST-000605,DOC-20220331-0069,,AR,C,3,2022-03-31,cash,4318710,JPY,20,Mizuho Bank,Mizuho Head Office,3102,1,COMPLETED
ST-000606,DOC-20220331-0054,,AR,C,4,2022-03-31,cash,1025820,JPY,20,Mizuho Bank,Mizuho Head Office,2801,1,COMPLETED
ST-000607,DOC-20220331-0055,,AR,C,5,2022-03-31,cash,1625694,JPY,20,Mizuho Bank,Mizuho Head Office,2802,1,COMPLETED
ST-000608,DOC-20220315-0002,,AR,C,6,2022-03-15,cash,1298020,JPY,20,Mizuho Bank,Mizuho Head Office,2657,1,COMPLETED
ST-000609,DOC-20220325-0002,,AR,C,7,2022-03-25,cash,1734092,JPY,20,Mizuho Bank,Mizuho Head Office,2739,1,COMPLETED
ST-000610,DOC-20220315-0003,,AR,C,8,2022-03-15,cash,1241068,JPY,20,Mizuho Bank,Mizuho Head Office,2658,1,COMPLETED
ST-000611,DOC-20220315-0004,,AR,C,9,2022-03-15,cash,1668144,JPY,20,Mizuho Bank,Mizuho Head Office,2659,1,COMPLETED
ST-000612,DOC-20220331-0056,,AR,C,10,2022-03-31,cash,357664,JPY,20,Mizuho Bank,Mizuho Head Office,2803,1,COMPLETED
ST-000613,DOC-20220320-0001,,AR,C,11,2022-03-20,cash,1325236,JPY,20,Mizuho Bank,Mizuho Head Office,2691,1,COMPLETED
ST-000614,DOC-20220331-0057,,AR,C,12,2022-03-31,note,11583188,JPY,,,,2804,1,COMPLETED
ST-000615,DOC-20220315-0005,,AR,C,13,2022-03-15,cash,1280304,JPY,20,Mizuho Bank,Mizuho Head Office,2660,1,COMPLETED
ST-000616,DOC-20220310-0001,,AR,C,14,2022-03-10,cash,2366508,JPY,20,Mizuho Bank,Mizuho Head Office,2627,1,COMPLETED
ST-000617,DOC-20220310-0002,,AR,C,14,2022-03-10,fee,3579712,JPY,20,Mizuho Bank,Mizuho Head Office,2627,2,COMPLETED
ST-000618,DOC-20220331-0070,,AR,C,14,2022-03-31,cash,2765300,JPY,20,Mizuho Bank,Mizuho Head Office,3103,1,COMPLETED
ST-000619,DOC-20220331-0071,,AR,C,14,2022-03-31,cash,5786774,JPY,20,Mizuho Bank,Mizuho Head Office,3104,1,COMPLETED
ST-000620,DOC-20220331-0072,,AR,C,14,2022-03-31,cash,1431596,JPY,20,Mizuho Bank,Mizuho Head Office,3105,1,COMPLETED
ST-000621,DOC-20220310-0003,,AR,C,19,2022-03-10,cash,664590,JPY,20,Mizuho Bank,Mizuho Head Office,2628,1,COMPLETED
ST-000622,DOC-20220315-0006,,AR,C,20,2022-03-15,cash,2217906,JPY,20,Mizuho Bank,Mizuho Head Office,2661,1,COMPLETED
ST-000623,DOC-20220320-0002,,AR,C,21,2022-03-20,cash,526938,JPY,20,Mizuho Bank,Mizuho Head Office,2692,2,COMPLETED
ST-000624,DOC-20220305-0001,,AR,C,22,2022-03-05,cash,1508744,JPY,20,Mizuho Bank,Mizuho Head Office,2599,1,COMPLETED
ST-000625,DOC-20220325-0003,,AR,C,23,2022-03-25,cash,3999128,JPY,20,Mizuho Bank,Mizuho Head Office,2740,1,COMPLETED
ST-000626,DOC-20220331-0058,,AR,C,24,2022-03-31,cash,536040,JPY,20,Mizuho Bank,Mizuho Head Office,2805,1,COMPLETED
ST-000627,DOC-20220325-0004,,AR,C,25,2022-03-25,cash,4782758,JPY,20,Mizuho Bank,Mizuho Head Office,2741,1,COMPLETED
ST-000628,DOC-20220305-0002,,AR,C,26,2022-03-05,cash,1442475,JPY,20,Mizuho Bank,Mizuho Head Office,2600,1,COMPLETED
ST-000629,DOC-20220305-0003,,AR,C,27,2022-03-05,cash,1918584,JPY,20,Mizuho Bank,Mizuho Head Office,2601,1,COMPLETED
ST-000630,DOC-20220310-0004,,AR,C,28,2022-03-10,note,8918449,JPY,,,,2629,1,COMPLETED
ST-000631,DOC-20220331-0059,,AR,C,29,2022-03-31,cash,362450,JPY,20,Mizuho Bank,Mizuho Head Office,2806,1,COMPLETED
ST-000632,DOC-20220320-0003,,AR,C,30,2022-03-20,cash,2291872,JPY,20,Mizuho Bank,Mizuho Head Office,2693,1,COMPLETED
ST-000633,DOC-20220315-0007,,AP,S,1,2022-03-15,cash,8427411,JPY,20,Mizuho Bank,Mizuho Head Office,2662,1,COMPLETED
ST-000634,DOC-20220331-0061,,AP,S,2,2022-03-31,cash,17942,JPY,20,Mizuho Bank,Mizuho Head Office,2812,1,COMPLETED
ST-000635,DOC-20220331-0073,,AP,S,2,2022-03-31,cash,1072048,JPY,20,Mizuho Bank,Mizuho Head Office,3106,1,COMPLETED
ST-000636,DOC-20220331-0074,,AP,S,2,2022-03-31,cash,269134,JPY,20,Mizuho Bank,Mizuho Head Office,3107,1,COMPLETED
ST-000637,DOC-20220331-0075,,AP,S,2,2022-03-31,cash,17942,JPY,20,Mizuho Bank,Mizuho Head Office,3108,1,COMPLETED
ST-000638,DOC-20220310-0005,,AP,S,3,2022-03-10,note,4775976,JPY,,,,2630,1,COMPLETED
ST-000639,DOC-20220320-0004,,AP,S,4,2022-03-20,cash,1466688,JPY,20,Mizuho Bank,Mizuho Head Office,2694,1,COMPLETED
ST-000640,DOC-20220331-0062,,AP,S,5,2022-03-31,note,5649316,JPY,,,,2813,1,COMPLETED
ST-000641,DOC-20220320-0005,,AP,S,6,2022-03-20,cash,5017707,JPY,20,Mizuho Bank,Mizuho Head Office,2695,1,COMPLETED
ST-000642,DOC-20220331-0063,,AP,S,7,2022-03-31,cash,5256041,JPY,20,Mizuho Bank,Mizuho Head Office,2814,1,COMPLETED
ST-000643,DOC-20220310-0006,,AP,S,8,2022-03-10,cash,77112,JPY,20,Mizuho Bank,Mizuho Head Office,2631,1,COMPLETED
ST-000644,DOC-20220331-0076,,AP,S,8,2022-03-31,cash,128520,JPY,20,Mizuho Bank,Mizuho Head Office,3109,1,COMPLETED
ST-000645,DOC-20220331-0077,,AP,S,8,2022-03-31,cash,77112,JPY,20,Mizuho Bank,Mizuho Head Office,3110,1,COMPLETED
ST-000646,DOC-20220331-0078,,AP,S,8,2022-03-31,cash,123379,JPY,20,Mizuho Bank,Mizuho Head Office,3111,1,COMPLETED
ST-000647,DOC-20220331-0079,,AP,S,8,2022-03-31,cash,25704,JPY,20,Mizuho Bank,Mizuho Head Office,3112,1,COMPLETED
ST-000648,DOC-20220331-0064,,AP,S,9,2022-03-31,note,2620813,JPY,,,,2815,1,COMPLETED
ST-000649,DOC-20220331-0060,,AP,S,10,2022-03-31,discount,4760408,JPY,,,,2810,7,COMPLETED
ST-000650,DOC-20220320-0006,,AP,S,11,2022-03-20,cash,6049943,JPY,20,Mizuho Bank,Mizuho Head Office,2696,1,COMPLETED
ST-000651,DOC-20220331-0065,,AP,S,12,2022-03-31,cash,517154,JPY,20,Mizuho Bank,Mizuho Head Office,2817,1,COMPLETED
ST-000652,DOC-20220331-0066,,AP,S,13,2022-03-31,cash,1909347,JPY,20,Mizuho Bank,Mizuho Head Office,2818,1,COMPLETED
ST-000653,DOC-20220331-0067,,AP,S,14,2022-03-31,cash,4344303,JPY,20,Mizuho Bank,Mizuho Head Office,2819,1,COMPLETED
ST-000654,DOC-20220331-0068,,AP,S,15,2022-03-31,cash,1692895,JPY,20,Mizuho Bank,Mizuho Head Office,2820,1,COMPLETED
ST-000655,DOC-20220428-0001,,AR,C,1,2022-04-28,cash,1608844,JPY,20,Mizuho Bank,Mizuho Head Office,5000,1,COMPLETED
ST-000656,DOC-20220428-0002,,AR,C,10,2022-04-28,cash,140000,JPY,20,Mizuho Bank,Mizuho Head Office,5001,1,COMPLETED
ST-000657,DOC-20220428-0003,,AR,C,11,2022-04-28,cash,806985,JPY,20,Mizuho Bank,Mizuho Head Office,5002,1,COMPLETED
ST-000658,DOC-20220428-0004,,AR,C,12,2022-04-28,cash,7423367,JPY,20,Mizuho Bank,Mizuho Head Office,5003,1,COMPLETED
ST-000659,DOC-20220428-0005,,AR,C,13,2022-04-28,cash,1024020,JPY,20,Mizuho Bank,Mizuho Head Office,5004,1,COMPLETED
ST-000660,DOC-20220428-0006,,AR,C,14,2022-04-28,cash,1492021,JPY,20,Mizuho Bank,Mizuho Head Office,5005,1,COMPLETED
ST-000661,DOC-20220428-0007,,AR,C,14,2022-04-28,cash,1540024,JPY,20,Mizuho Bank,Mizuho Head Office,5006,1,COMPLETED
ST-000662,DOC-20220428-0008,,AR,C,14,2022-04-28,cash,1256285,JPY,20,Mizuho Bank,Mizuho Head Office,5007,1,COMPLETED
ST-000663,DOC-20220428-0009,,AR,C,14,2022-04-28,cash,2468352,JPY,20,Mizuho Bank,Mizuho Head Office,5008,1,COMPLETED
ST-000664,DOC-20220428-0010,,AR,C,14,2022-04-28,cash,1202181,JPY,20,Mizuho Bank,Mizuho Head Office,5009,1,COMPLETED
ST-000665,DOC-20220428-0011,,AR,C,19,2022-04-28,cash,352450,JPY,20,Mizuho Bank,Mizuho Head Office,5010,1,COMPLETED
ST-000666,DOC-20220428-0012,,AR,C,2,2022-04-28,cash,13269523,JPY,20,Mizuho Bank,Mizuho Head Office,5011,1,COMPLETED
ST-000667,DOC-20220428-0013,,AR,C,20,2022-04-28,cash,794114,JPY,20,Mizuho Bank,Mizuho Head Office,5012,1,COMPLETED
ST-000668,DOC-20220428-0014,,AR,C,21,2022-04-28,cash,482866,JPY,20,Mizuho Bank,Mizuho Head Office,5013,1,COMPLETED
ST-000669,DOC-20220428-0015,,AR,C,22,2022-04-28,cash,1056168,JPY,20,Mizuho Bank,Mizuho Head Office,5014,1,COMPLETED
ST-000670,DOC-20220428-0016,,AR,C,23,2022-04-28,cash,534144,JPY,20,Mizuho Bank,Mizuho Head Office,5015,1,COMPLETED
ST-000671,DOC-20220428-0017,,AR,C,24,2022-04-28,cash,226620,JPY,20,Mizuho Bank,Mizuho Head Office,5016,1,COMPLETED
ST-000672,DOC-20220428-0018,,AR,C,25,2022-04-28,cash,3741296,JPY,20,Mizuho Bank,Mizuho Head Office,5017,1,COMPLETED
ST-000673,DOC-20220428-0019,,AR,C,26,2022-04-28,cash,1096632,JPY,20,Mizuho Bank,Mizuho Head Office,5018,1,COMPLETED
ST-000674,DOC-20220428-0020,,AR,C,27,2022-04-28,cash,919584,JPY,20,Mizuho Bank,Mizuho Head Office,5019,1,COMPLETED
ST-000675,DOC-20220428-0021,,AR,C,28,2022-04-28,cash,6175852,JPY,20,Mizuho Bank,Mizuho Head Office,5020,1,COMPLETED
ST-000676,DOC-20220428-0022,,AR,C,29,2022-04-28,cash,486020,JPY,20,Mizuho Bank,Mizuho Head Office,5021,1,COMPLETED
ST-000677,DOC-20220428-0023,,AR,C,3,2022-04-28,cash,828232,JPY,20,Mizuho Bank,Mizuho Head Office,5022,1,COMPLETED
ST-000678,DOC-20220428-0024,,AR,C,30,2022-04-28,cash,1425220,JPY,20,Mizuho Bank,Mizuho Head Office,5023,1,COMPLETED
ST-000679,DOC-20220428-0025,,AR,C,4,2022-04-28,cash,1290240,JPY,20,Mizuho Bank,Mizuho Head Office,5024,1,COMPLETED
ST-000680,DOC-20220428-0026,,AR,C,5,2022-04-28,cash,1394098,JPY,20,Mizuho Bank,Mizuho Head Office,5025,1,COMPLETED
ST-000681,DOC-20220428-0027,,AR,C,6,2022-04-28,cash,1033750,JPY,20,Mizuho Bank,Mizuho Head Office,5026,1,COMPLETED
ST-000682,DOC-20220428-0028,,AR,C,7,2022-04-28,cash,1323972,JPY,20,Mizuho Bank,Mizuho Head Office,5027,1,COMPLETED
ST-000683,DOC-20220428-0029,,AR,C,8,2022-04-28,cash,649800,JPY,20,Mizuho Bank,Mizuho Head Office,5028,1,COMPLETED
ST-000684,DOC-20220428-0030,,AR,C,9,2022-04-28,cash,1713160,JPY,20,Mizuho Bank,Mizuho Head Office,5029,1,COMPLETED
ST-000685,DOC-20220428-0031,,AP,S,1,2022-04-28,cash,4705170,JPY,20,Mizuho Bank,Mizuho Head Office,5030,1,COMPLETED
ST-000686,DOC-20220428-0032,,AP,S,10,2022-04-28,cash,2656388,JPY,20,Mizuho Bank,Mizuho Head Office,5031,1,COMPLETED
ST-000687,DOC-20220428-0033,,AP,S,11,2022-04-28,cash,3661476,JPY,20,Mizuho Bank,Mizuho Head Office,5032,1,COMPLETED
ST-000688,DOC-20220428-0034,,AP,S,12,2022-04-28,cash,255528,JPY,20,Mizuho Bank,Mizuho Head Office,5033,1,COMPLETED
ST-000689,DOC-20220428-0035,,AP,S,13,2022-04-28,cash,1292036,JPY,20,Mizuho Bank,Mizuho Head Office,5034,1,COMPLETED
ST-000690,DOC-20220428-0036,,AP,S,14,2022-04-28,cash,3385746,JPY,20,Mizuho Bank,Mizuho Head Office,5035,1,COMPLETED
ST-000691,DOC-20220428-0037,,AP,S,15,2022-04-28,cash,1144940,JPY,20,Mizuho Bank,Mizuho Head Office,5036,1,COMPLETED
ST-000692,DOC-20220428-0038,,AP,S,2,2022-04-28,cash,224733,JPY,20,Mizuho Bank,Mizuho Head Office,5037,1,COMPLETED
ST-000693,DOC-20220428-0039,,AP,S,2,2022-04-28,cash,554953,JPY,20,Mizuho Bank,Mizuho Head Office,5038,1,COMPLETED
ST-000694,DOC-20220428-0040,,AP,S,2,2022-04-28,cash,105486,JPY,20,Mizuho Bank,Mizuho Head Office,5039,1,COMPLETED
ST-000695,DOC-20220428-0041,,AP,S,2,2022-04-28,cash,536607,JPY,20,Mizuho Bank,Mizuho Head Office,5040,1,COMPLETED
ST-000696,DOC-20220428-0042,,AP,S,2,2022-04-28,cash,165109,JPY,20,Mizuho Bank,Mizuho Head Office,5041,1,COMPLETED
ST-000697,DOC-20220428-0043,,AP,S,3,2022-04-28,cash,3726253,JPY,20,Mizuho Bank,Mizuho Head Office,5042,1,COMPLETED
ST-000698,DOC-20220428-0044,,AP,S,4,2022-04-28,cash,1046118,JPY,20,Mizuho Bank,Mizuho Head Office,5043,1,COMPLETED
ST-000699,DOC-20220428-0045,,AP,S,5,2022-04-28,cash,4236496,JPY,20,Mizuho Bank,Mizuho Head Office,5044,1,COMPLETED
ST-000700,DOC-20220428-0046,,AP,S,6,2022-04-28,cash,3218877,JPY,20,Mizuho Bank,Mizuho Head Office,5045,1,COMPLETED
ST-000701,DOC-20220428-0047,,AP,S,7,2022-04-28,cash,3221820,JPY,20,Mizuho Bank,Mizuho Head Office,5046,1,COMPLETED
ST-000702,DOC-20220428-0048,,AP,S,8,2022-04-28,cash,26208,JPY,20,Mizuho Bank,Mizuho Head Office,5047,1,COMPLETED
ST-000703,DOC-20220428-0049,,AP,S,8,2022-04-28,cash,361670,JPY,20,Mizuho Bank,Mizuho Head Office,5048,1,COMPLETED
ST-000704,DOC-20220428-0050,,AP,S,8,2022-04-28,cash,52416,JPY,20,Mizuho Bank,Mizuho Head Office,5049,1,COMPLETED
ST-000705,DOC-20220428-0051,,AP,S,8,2022-04-28,cash,52416,JPY,20,Mizuho Bank,Mizuho Head Office,5050,1,COMPLETED
ST-000706,DOC-20220428-0052,,AP,S,8,2022-04-28,cash,26208,JPY,20,Mizuho Bank,Mizuho Head Office,5051,1,COMPLETED
ST-000707,DOC-20220428-0053,,AP,S,9,2022-04-28,cash,2042022,JPY,20,Mizuho Bank,Mizuho Head Office,5052,1,COMPLETED
ST-000708,DOC-20220528-0001,,AR,C,1,2022-05-28,cash,5724549,JPY,20,Mizuho Bank,Mizuho Head Office,5053,1,COMPLETED
ST-000709,DOC-20220528-0002,,AR,C,10,2022-05-28,cash,1407648,JPY,20,Mizuho Bank,Mizuho Head Office,5054,1,COMPLETED
ST-000710,DOC-20220528-0003,,AR,C,11,2022-05-28,cash,1581860,JPY,20,Mizuho Bank,Mizuho Head Office,5055,1,COMPLETED
ST-000711,DOC-20220528-0004,,AR,C,12,2022-05-28,cash,2901201,JPY,20,Mizuho Bank,Mizuho Head Office,5056,1,COMPLETED
ST-000712,DOC-20220528-0005,,AR,C,13,2022-05-28,cash,2940652,JPY,20,Mizuho Bank,Mizuho Head Office,5057,1,COMPLETED
ST-000713,DOC-20220528-0006,,AR,C,14,2022-05-28,cash,2360032,JPY,20,Mizuho Bank,Mizuho Head Office,5058,1,COMPLETED
ST-000714,DOC-20220528-0007,,AR,C,14,2022-05-28,cash,1690176,JPY,20,Mizuho Bank,Mizuho Head Office,5059,1,COMPLETED
ST-000715,DOC-20220528-0008,,AR,C,14,2022-05-28,cash,2055400,JPY,20,Mizuho Bank,Mizuho Head Office,5060,1,COMPLETED
ST-000716,DOC-20220528-0009,,AR,C,14,2022-05-28,cash,3056284,JPY,20,Mizuho Bank,Mizuho Head Office,5061,1,COMPLETED
ST-000717,DOC-20220528-0010,,AR,C,14,2022-05-28,cash,2722880,JPY,20,Mizuho Bank,Mizuho Head Office,5062,1,COMPLETED
ST-000718,DOC-20220528-0011,,AR,C,19,2022-05-28,cash,2097864,JPY,20,Mizuho Bank,Mizuho Head Office,5063,1,COMPLETED
ST-000719,DOC-20220528-0012,,AR,C,2,2022-05-28,cash,8251179,JPY,20,Mizuho Bank,Mizuho Head Office,5064,1,COMPLETED
ST-000720,DOC-20220528-0013,,AR,C,20,2022-05-28,cash,1403080,JPY,20,Mizuho Bank,Mizuho Head Office,5065,1,COMPLETED
ST-000721,DOC-20220528-0014,,AR,C,21,2022-05-28,cash,1433744,JPY,20,Mizuho Bank,Mizuho Head Office,5066,1,COMPLETED
ST-000722,DOC-20220528-0015,,AR,C,22,2022-05-28,cash,2617248,JPY,20,Mizuho Bank,Mizuho Head Office,5067,1,COMPLETED
ST-000723,DOC-20220528-0016,,AR,C,23,2022-05-28,cash,1008640,JPY,20,Mizuho Bank,Mizuho Head Office,5068,1,COMPLETED
ST-000724,DOC-20220528-0017,,AR,C,24,2022-05-28,cash,3907856,JPY,20,Mizuho Bank,Mizuho Head Office,5069,1,COMPLETED
ST-000725,DOC-20220528-0018,,AR,C,25,2022-05-28,cash,2708884,JPY,20,Mizuho Bank,Mizuho Head Office,5070,1,COMPLETED
ST-000726,DOC-20220528-0019,,AR,C,26,2022-05-28,cash,2699820,JPY,20,Mizuho Bank,Mizuho Head Office,5071,1,COMPLETED
ST-000727,DOC-20220528-0020,,AR,C,27,2022-05-28,cash,1331520,JPY,20,Mizuho Bank,Mizuho Head Office,5072,1,COMPLETED
ST-000728,DOC-20220528-0021,,AR,C,28,2022-05-28,cash,4383630,JPY,20,Mizuho Bank,Mizuho Head Office,5073,1,COMPLETED
ST-000729,DOC-20220528-0022,,AR,C,29,2022-05-28,cash,1721354,JPY,20,Mizuho Bank,Mizuho Head Office,5074,1,COMPLETED
ST-000730,DOC-20220528-0023,,AR,C,3,2022-05-28,cash,919254,JPY,20,Mizuho Bank,Mizuho Head Office,5075,1,COMPLETED
ST-000731,DOC-20220528-0024,,AR,C,30,2022-05-28,cash,2358524,JPY,20,Mizuho Bank,Mizuho Head Office,5076,1,COMPLETED
ST-000732,DOC-20220528-0025,,AR,C,4,2022-05-28,cash,3647192,JPY,20,Mizuho Bank,Mizuho Head Office,5077,1,COMPLETED
ST-000733,DOC-20220528-0026,,AR,C,5,2022-05-28,cash,1825556,JPY,20,Mizuho Bank,Mizuho Head Office,5078,1,COMPLETED
ST-000734,DOC-20220528-0027,,AR,C,6,2022-05-28,cash,871860,JPY,20,Mizuho Bank,Mizuho Head Office,5079,1,COMPLETED
ST-000735,DOC-20220528-0028,,AR,C,7,2022-05-28,cash,758914,JPY,20,Mizuho Bank,Mizuho Head Office,5080,1,COMPLETED
ST-000736,DOC-20220528-0029,,AR,C,8,2022-05-28,cash,754741,JPY,20,Mizuho Bank,Mizuho Head Office,5081,1,COMPLETED
ST-000737,DOC-20220528-0030,,AR,C,9,2022-05-28,cash,3304738,JPY,20,Mizuho Bank,Mizuho Head Office,5082,1,COMPLETED
ST-000738,DOC-20220528-0031,,AP,S,1,2022-05-28,cash,7758109,JPY,20,Mizuho Bank,Mizuho Head Office,5083,1,COMPLETED
ST-000739,DOC-20220528-0032,,AP,S,10,2022-05-28,cash,3725251,JPY,20,Mizuho Bank,Mizuho Head Office,5084,1,COMPLETED
ST-000740,DOC-20220528-0033,,AP,S,11,2022-05-28,cash,5736237,JPY,20,Mizuho Bank,Mizuho Head Office,5085,1,COMPLETED
ST-000741,DOC-20220528-0034,,AP,S,12,2022-05-28,cash,371183,JPY,20,Mizuho Bank,Mizuho Head Office,5086,1,COMPLETED
ST-000742,DOC-20220528-0035,,AP,S,13,2022-05-28,cash,1604983,JPY,20,Mizuho Bank,Mizuho Head Office,5087,1,COMPLETED
ST-000743,DOC-20220528-0036,,AP,S,14,2022-05-28,cash,3306604,JPY,20,Mizuho Bank,Mizuho Head Office,5088,1,COMPLETED
ST-000744,DOC-20220528-0037,,AP,S,15,2022-05-28,cash,1591695,JPY,20,Mizuho Bank,Mizuho Head Office,5089,1,COMPLETED
ST-000745,DOC-20220528-0038,,AP,S,2,2022-05-28,cash,161481,JPY,20,Mizuho Bank,Mizuho Head Office,5090,1,COMPLETED
ST-000746,DOC-20220528-0039,,AP,S,2,2022-05-28,cash,708722,JPY,20,Mizuho Bank,Mizuho Head Office,5091,1,COMPLETED
ST-000747,DOC-20220528-0040,,AP,S,2,2022-05-28,cash,320719,JPY,20,Mizuho Bank,Mizuho Head Office,5092,1,COMPLETED
ST-000748,DOC-20220528-0041,,AP,S,2,2022-05-28,cash,619008,JPY,20,Mizuho Bank,Mizuho Head Office,5093,1,COMPLETED
ST-000749,DOC-20220528-0042,,AP,S,2,2022-05-28,cash,217551,JPY,20,Mizuho Bank,Mizuho Head Office,5094,1,COMPLETED
ST-000750,DOC-20220528-0043,,AP,S,3,2022-05-28,cash,3861324,JPY,20,Mizuho Bank,Mizuho Head Office,5095,1,COMPLETED
ST-000751,DOC-20220528-0044,,AP,S,4,2022-05-28,cash,1057191,JPY,20,Mizuho Bank,Mizuho Head Office,5096,1,COMPLETED
ST-000752,DOC-20220528-0045,,AP,S,5,2022-05-28,cash,4402685,JPY,20,Mizuho Bank,Mizuho Head Office,5097,1,COMPLETED
ST-000753,DOC-20220528-0046,,AP,S,6,2022-05-28,cash,4615320,JPY,20,Mizuho Bank,Mizuho Head Office,5098,1,COMPLETED
ST-000754,DOC-20220528-0047,,AP,S,7,2022-05-28,cash,4231805,JPY,20,Mizuho Bank,Mizuho Head Office,5099,1,COMPLETED
ST-000755,DOC-20220528-0048,,AP,S,8,2022-05-28,cash,102816,JPY,20,Mizuho Bank,Mizuho Head Office,5100,1,COMPLETED
ST-000756,DOC-20220528-0049,,AP,S,8,2022-05-28,cash,46267,JPY,20,Mizuho Bank,Mizuho Head Office,5101,1,COMPLETED
ST-000757,DOC-20220528-0050,,AP,S,8,2022-05-28,cash,102816,JPY,20,Mizuho Bank,Mizuho Head Office,5102,1,COMPLETED
ST-000758,DOC-20220528-0051,,AP,S,8,2022-05-28,cash,154224,JPY,20,Mizuho Bank,Mizuho Head Office,5103,1,COMPLETED
ST-000759,DOC-20220528-0052,,AP,S,8,2022-05-28,cash,102816,JPY,20,Mizuho Bank,Mizuho Head Office,5104,1,COMPLETED
ST-000760,DOC-20220528-0053,,AP,S,9,2022-05-28,cash,2437314,JPY,20,Mizuho Bank,Mizuho Head Office,5105,1,COMPLETED
